Date,Window,BoxHigh,BoxLow,BoxSize,BreakDir,BreakTime,BreakDist,LateBreakTime,RetestWithin60,FillTime,MFE_Boxes,MAE_Boxes,EOD_Boxes,DayNet_R,DayNet_R_Potential,DayNet_R_MarketEntry,Rev_Triggered,Rev_MFE,Rev_ExitR,Rev_Outcome,Bias_Daily,EMA_Slope,NewsDay,BoxStart_Server,BoxEnd_Server
2025-03-25,0900-1000,3033.92,3020.91,13.01,Sell,2025-03-25 21:15,0.75,,0,,0.24,0.12,0.03,,,0.034,0,,,NeverTriggered,Buy,Buy,,2025-03-25 16:00:00,2025-03-25 17:00:00
2025-03-26,0900-1000,3027.36,3014.94,12.42,Sell,2025-03-26 18:00,1.41,,1,2025-03-26 18:05,0.21,0.55,-0.42,-0.564,0.246,-0.564,0,,,NeverTriggered,Buy,Buy,,2025-03-26 16:00:00,2025-03-26 17:00:00
2025-03-27,0900-1000,3052.08,3033.50,18.58,Buy,2025-03-27 17:35,3.62,,0,,0.41,0.23,0.24,,,0.321,0,,,NeverTriggered,Buy,Buy,,2025-03-27 16:00:00,2025-03-27 17:00:00
2025-03-28,0900-1000,3086.02,3070.78,15.24,None,,,,,,0.00,,,,,,,,,NeverTriggered,Buy,Buy,,2025-03-28 16:00:00,2025-03-28 17:00:00
2025-03-31,0900-1000,3124.72,3099.94,24.78,Buy,2025-03-31 18:10,0.35,,1,2025-03-31 18:15,0.10,0.53,-0.04,-0.048,0.076,-0.048,0,,,NeverTriggered,Buy,Buy,,2025-03-31 16:00:00,2025-03-31 17:00:00
2025-04-01,0900-1000,3137.09,3128.18,8.91,Sell,2025-04-01 17:10,2.69,,1,2025-04-01 17:15,3.07,0.59,1.19,2.667,2.667,2.667,0,,,Cancelled,Buy,Buy,,2025-04-01 16:00:00,2025-04-01 17:00:00
2025-04-02,0900-1000,3132.03,3116.64,15.39,Buy,2025-04-02 19:30,1.72,,1,2025-04-02 19:35,0.13,0.86,-0.05,-1.000,-1.000,-1.000,1,-0.76,-1.000,Stop,Sell,Sell,,2025-04-02 16:00:00,2025-04-02 17:00:00
2025-04-03,0900-1000,3100.73,3054.27,46.46,Buy,2025-04-03 17:05,5.19,,0,,0.75,0.10,0.34,,,0.454,0,,,NeverTriggered,Sell,Sell,,2025-04-03 16:00:00,2025-04-03 17:00:00
2025-04-04,0900-1000,3087.37,3053.40,33.97,Sell,2025-04-04 17:05,3.26,,1,2025-04-04 17:10,1.11,0.16,0.46,0.609,1.477,0.609,0,,,Cancelled,Sell,Sell,,2025-04-04 16:00:00,2025-04-04 17:00:00
2025-04-07,0900-1000,3033.96,3002.00,31.96,Sell,2025-04-07 17:35,3.89,,1,2025-04-07 17:40,1.42,0.25,0.57,0.762,1.895,0.762,0,,,Cancelled,Sell,Sell,,2025-04-07 16:00:00,2025-04-07 17:00:00
2025-04-08,0900-1000,3022.69,3002.53,20.16,Sell,2025-04-08 18:55,1.10,,0,,1.38,0.16,1.01,,,1.341,0,,,Cancelled,Sell,Buy,,2025-04-08 16:00:00,2025-04-08 17:00:00
2025-04-09,0900-1000,3077.95,3047.20,30.75,Buy,2025-04-09 17:15,3.24,,1,2025-04-09 17:30,0.68,0.87,0.05,-1.000,-1.000,-1.000,0,,,NeverTriggered,Buy,Buy,,2025-04-09 16:00:00,2025-04-09 17:00:00
2025-04-10,0900-1000,3136.68,3116.16,20.52,Buy,2025-04-10 17:05,5.50,,0,,1.93,0.09,1.75,,,2.340,0,,,Cancelled,Buy,Buy,,2025-04-10 16:00:00,2025-04-10 17:00:00
2025-04-11,0900-1000,3244.18,3219.63,24.55,None,,,,,,0.00,,,,,,,,,NeverTriggered,Buy,Buy,,2025-04-11 16:00:00,2025-04-11 17:00:00
2025-04-14,0900-1000,3210.74,3193.69,17.05,Buy,2025-04-14 17:45,3.76,,1,2025-04-14 17:55,0.28,0.79,0.04,-1.000,-1.000,-1.000,0,,,NeverTriggered,Sell,Sell,,2025-04-14 16:00:00,2025-04-14 17:00:00
2025-04-15,0900-1000,3226.32,3211.63,14.69,Buy,2025-04-15 20:35,0.36,,1,2025-04-15 21:00,0.49,0.08,0.16,0.217,0.657,0.217,0,,,NeverTriggered,Buy,Sell,,2025-04-15 16:00:00,2025-04-15 17:00:00
2025-04-16,0900-1000,3319.55,3296.77,22.78,Buy,2025-04-16 18:40,2.41,,0,,1.00,0.09,0.94,,,1.252,0,,,Cancelled,Buy,Buy,,2025-04-16 16:00:00,2025-04-16 17:00:00
2025-04-17,0900-1000,3332.12,3305.28,26.84,Sell,2025-04-17 17:25,1.42,,0,,0.79,0.79,-0.86,,,-1.000,0,,,NeverTriggered,Buy,Buy,,2025-04-17 16:00:00,2025-04-17 17:00:00
2025-04-21,0900-1000,3426.80,3405.16,21.64,Buy,2025-04-21 17:05,2.61,,1,2025-04-21 17:10,0.16,0.83,-0.09,-1.000,-1.000,-1.000,0,,,NeverTriggered,Buy,Buy,,2025-04-21 16:00:00,2025-04-21 17:00:00
2025-04-22,0900-1000,3449.68,3408.70,40.98,Sell,2025-04-22 19:15,8.10,,0,,1.02,0.14,0.69,,,0.926,0,,,Cancelled,Sell,Buy,,2025-04-22 16:00:00,2025-04-22 17:00:00
2025-04-23,0900-1000,3313.74,3261.81,51.93,None,,,,,,0.00,,,,,,,,,NeverTriggered,Sell,Sell,,2025-04-23 16:00:00,2025-04-23 17:00:00
2025-04-24,0900-1000,3336.23,3311.32,24.91,Sell,2025-04-24 17:15,1.67,,1,2025-04-24 17:20,0.11,0.77,-1.46,-1.000,-1.000,-1.000,1,0.47,0.620,EOD,Buy,Buy,,2025-04-24 16:00:00,2025-04-24 17:00:00
2025-04-25,0900-1000,3292.96,3265.16,27.80,Buy,2025-04-25 20:35,1.41,,1,2025-04-25 20:40,0.81,0.18,0.74,0.990,1.082,0.990,0,,,NeverTriggered,Sell,Sell,,2025-04-25 16:00:00,2025-04-25 17:00:00
2025-04-28,0900-1000,3301.09,3286.89,14.20,Buy,2025-04-28 17:15,6.31,,0,,3.65,0.15,2.96,,,2.667,0,,,Cancelled,Buy,Buy,,2025-04-28 16:00:00,2025-04-28 17:00:00
2025-04-29,0900-1000,3321.26,3299.83,21.43,Buy,2025-04-29 19:35,1.68,,0,,0.41,0.37,-0.12,,,-0.159,0,,,NeverTriggered,Sell,Sell,,2025-04-29 16:00:00,2025-04-29 17:00:00
2025-04-30,0900-1000,3319.78,3296.13,23.65,Sell,2025-04-30 17:30,0.72,,1,2025-04-30 17:35,0.14,0.79,0.23,-1.000,-1.000,-1.000,0,,,NeverTriggered,Sell,Sell,,2025-04-30 16:00:00,2025-04-30 17:00:00
2025-05-01,0900-1000,3233.23,3214.45,18.78,Sell,2025-05-01 18:30,5.43,,1,2025-05-01 18:55,0.51,0.82,-1.23,-1.000,-1.000,-1.000,1,0.34,0.304,EOD,Sell,Sell,,2025-05-01 16:00:00,2025-05-01 17:00:00
2025-05-02,0900-1000,3259.61,3239.47,20.14,Buy,2025-05-02 17:50,1.30,,1,2025-05-02 18:05,0.24,0.85,-1.04,-1.000,-1.000,-1.000,1,0.83,0.048,EOD,Buy,Buy,,2025-05-02 16:00:00,2025-05-02 17:00:00
2025-05-05,0900-1000,3321.02,3310.00,11.02,Sell,2025-05-05 19:05,4.29,,1,2025-05-05 19:30,0.39,0.79,-1.95,-1.000,-1.000,-1.000,1,1.50,1.273,EOD,Buy,Buy,,2025-05-05 16:00:00,2025-05-05 17:00:00
2025-05-06,0900-1000,3397.50,3387.87,9.63,Sell,2025-05-06 17:25,3.94,,1,2025-05-06 17:35,1.00,0.77,-4.43,-1.000,-1.000,-1.000,0,,,Cancelled,Buy,Buy,,2025-05-06 16:00:00,2025-05-06 17:00:00
2025-05-07,0900-1000,3398.03,3381.47,16.56,Sell,2025-05-07 17:15,0.77,,1,2025-05-07 17:20,0.34,0.99,0.88,-1.000,-1.000,-1.000,0,,,Cancelled,Buy,Buy,,2025-05-07 16:00:00,2025-05-07 17:00:00
2025-05-08,0900-1000,3369.38,3351.57,17.81,Sell,2025-05-08 18:40,15.40,,0,,3.53,0.00,2.45,,,2.667,0,,,Cancelled,Sell,Sell,,2025-05-08 16:00:00,2025-05-08 17:00:00
2025-05-09,0900-1000,3340.41,3323.26,17.15,Sell,2025-05-09 17:10,1.45,,1,2025-05-09 17:15,0.17,0.93,-0.29,-1.000,-1.000,-1.000,1,-0.76,-1.000,Stop,Buy,Buy,,2025-05-09 16:00:00,2025-05-09 17:00:00
2025-05-12,0900-1000,3248.66,3231.83,16.83,Sell,2025-05-12 19:10,0.26,,1,2025-05-12 19:15,0.68,0.41,-0.21,-0.277,0.909,-0.277,0,,,NeverTriggered,Sell,Sell,,2025-05-12 16:00:00,2025-05-12 17:00:00
2025-05-13,0900-1000,3246.84,3225.50,21.34,Buy,2025-05-13 17:40,0.94,,1,2025-05-13 17:45,0.51,0.24,0.21,0.279,0.682,0.279,0,,,NeverTriggered,Sell,Sell,,2025-05-13 16:00:00,2025-05-13 17:00:00
2025-05-14,0900-1000,3198.28,3174.88,23.40,Sell,2025-05-14 21:55,2.95,,1,2025-05-14 22:25,0.29,0.35,-0.29,-0.384,0.132,-0.384,0,,,NeverTriggered,Sell,Sell,,2025-05-14 16:00:00,2025-05-14 17:00:00
2025-05-15,0900-1000,3199.74,3185.24,14.50,Buy,2025-05-15 17:10,3.47,,1,2025-05-15 17:35,2.75,0.13,2.60,2.667,2.667,2.667,0,,,Cancelled,Buy,Buy,,2025-05-15 16:00:00,2025-05-15 17:00:00
2025-05-16,0900-1000,3186.56,3169.39,17.17,Buy,2025-05-16 19:45,1.09,,1,2025-05-16 19:50,0.94,0.18,0.92,1.222,1.260,1.222,0,,,NeverTriggered,Sell,Sell,,2025-05-16 16:00:00,2025-05-16 17:00:00
2025-05-19,0900-1000,3241.56,3221.24,20.32,Sell,2025-05-19 17:05,3.07,,1,2025-05-19 17:10,0.20,0.91,-0.48,-1.000,-1.000,-1.000,0,,,NeverTriggered,Buy,Buy,,2025-05-19 16:00:00,2025-05-19 17:00:00
2025-05-20,0900-1000,3271.38,3232.94,38.44,Buy,2025-05-20 17:05,4.62,,0,,0.63,0.02,0.49,,,0.654,0,,,NeverTriggered,Buy,Buy,,2025-05-20 16:00:00,2025-05-20 17:00:00
2025-05-21,0900-1000,3309.48,3295.26,14.22,Buy,2025-05-21 18:10,2.66,,1,2025-05-21 18:30,1.08,0.47,0.38,0.510,1.435,0.510,0,,,Cancelled,Buy,Buy,,2025-05-21 16:00:00,2025-05-21 17:00:00
2025-05-22,0900-1000,3315.76,3279.18,36.58,None,,,,,,0.00,,,,,,,,,NeverTriggered,Sell,Sell,,2025-05-22 16:00:00,2025-05-22 17:00:00
2025-05-23,0900-1000,3364.60,3336.75,27.85,Buy,2025-05-23 20:25,1.06,,1,2025-05-23 20:30,0.05,0.27,-0.19,-0.257,0.060,-0.257,0,,,NeverTriggered,Buy,Buy,,2025-05-23 16:00:00,2025-05-23 17:00:00
2025-05-26,0900-1000,3340.66,3331.33,9.33,Buy,2025-05-26 19:30,0.27,,1,2025-05-26 19:35,0.32,0.11,0.05,0.067,0.420,0.067,0,,,NeverTriggered,Sell,Sell,,2025-05-26 16:00:00,2025-05-26 17:00:00
2025-05-27,0900-1000,3304.81,3285.22,19.59,Buy,2025-05-27 22:35,1.83,,1,2025-05-27 22:55,0.16,0.10,-0.09,-0.114,0.126,-0.114,0,,,NeverTriggered,Sell,Sell,,2025-05-27 16:00:00,2025-05-27 17:00:00
2025-05-28,0900-1000,3316.38,3297.64,18.74,Sell,2025-05-28 18:25,2.63,,1,2025-05-28 18:35,0.48,0.28,0.35,0.472,0.639,0.472,0,,,NeverTriggered,Buy,Buy,,2025-05-28 16:00:00,2025-05-28 17:00:00
2025-05-29,0900-1000,3321.96,3309.93,12.03,Sell,2025-05-29 17:35,1.09,,1,2025-05-29 17:45,0.43,0.79,-0.66,-1.000,-1.000,-1.000,1,0.76,-0.457,EOD,Buy,Buy,,2025-05-29 16:00:00,2025-05-29 17:00:00
2025-05-30,0900-1000,3308.26,3271.67,36.59,None,,,,,,0.00,,,,,,,,,NeverTriggered,Buy,Sell,,2025-05-30 16:00:00,2025-05-30 17:00:00
2025-06-02,0900-1000,3376.54,3350.27,26.27,Buy,2025-06-02 17:15,1.11,,1,2025-06-02 17:20,0.24,0.28,0.22,0.288,0.326,0.288,0,,,NeverTriggered,Buy,Buy,,2025-06-02 16:00:00,2025-06-02 17:00:00
2025-06-03,0900-1000,3363.21,3334.57,28.64,None,,,,,,0.00,,,,,,,,,NeverTriggered,Sell,Sell,,2025-06-03 16:00:00,2025-06-03 17:00:00
2025-06-04,0900-1000,3362.54,3350.67,11.87,Buy,2025-06-04 17:05,2.14,,0,,1.87,0.50,0.91,,,1.213,0,,,Cancelled,Buy,Sell,,2025-06-04 16:00:00,2025-06-04 17:00:00
2025-06-05,0900-1000,3388.58,3371.31,17.27,Sell,2025-06-05 17:45,4.07,,1,2025-06-05 17:50,1.85,0.23,1.08,1.441,2.467,1.441,0,,,Cancelled,Buy,Buy,,2025-06-05 16:00:00,2025-06-05 17:00:00
2025-06-06,0900-1000,3361.13,3336.50,24.63,Sell,2025-06-06 17:10,2.80,,0,,1.20,0.22,1.02,,,1.357,0,,,Cancelled,Sell,Sell,,2025-06-06 16:00:00,2025-06-06 17:00:00
2025-06-09,0900-1000,3321.82,3310.56,11.26,Buy,2025-06-09 17:10,4.14,,1,2025-06-09 17:20,1.46,0.52,0.42,0.560,1.944,0.560,0,,,Cancelled,Sell,Sell,,2025-06-09 16:00:00,2025-06-09 17:00:00
2025-06-10,0900-1000,3349.16,3335.40,13.76,Sell,2025-06-10 17:05,0.30,,1,2025-06-10 17:10,1.18,0.46,0.90,1.199,1.567,1.199,0,,,Cancelled,Buy,Buy,,2025-06-10 16:00:00,2025-06-10 17:00:00
2025-06-11,0900-1000,3344.78,3327.87,16.91,Sell,2025-06-11 20:05,0.14,,1,2025-06-11 20:15,0.49,0.84,-1.48,-1.000,-1.000,-1.000,1,0.62,0.643,EOD,Buy,Sell,,2025-06-11 16:00:00,2025-06-11 17:00:00
2025-06-12,0900-1000,3398.83,3379.36,19.47,Sell,2025-06-12 20:20,0.45,,1,2025-06-12 20:25,0.07,0.52,-0.32,-0.431,0.092,-0.431,0,,,NeverTriggered,Buy,Buy,,2025-06-12 16:00:00,2025-06-12 17:00:00
2025-06-13,0900-1000,3446.97,3430.53,16.44,Sell,2025-06-13 17:10,0.88,,1,2025-06-13 17:15,0.69,0.57,-0.14,-0.182,0.922,-0.182,0,,,NeverTriggered,Buy,Buy,,2025-06-13 16:00:00,2025-06-13 17:00:00
2025-06-16,0900-1000,3417.97,3383.18,34.79,Sell,2025-06-16 22:05,0.20,,1,2025-06-16 22:10,0.01,0.15,-0.01,-0.020,0.019,-0.020,0,,,NeverTriggered,Sell,Sell,,2025-06-16 16:00:00,2025-06-16 17:00:00
2025-06-17,0900-1000,3397.63,3385.87,11.76,Sell,2025-06-17 17:10,0.03,,1,2025-06-17 17:15,1.69,0.57,-0.36,-0.485,2.253,-0.485,0,,,Cancelled,Sell,Sell,,2025-06-17 16:00:00,2025-06-17 17:00:00
2025-06-18,0900-1000,3396.64,3385.93,10.71,Sell,2025-06-18 17:15,4.28,,1,2025-06-18 17:30,1.11,0.82,1.75,-1.000,-1.000,-1.000,0,,,Cancelled,Buy,Sell,,2025-06-18 16:00:00,2025-06-18 17:00:00
2025-06-19,0900-1000,3373.06,3361.40,11.66,Buy,2025-06-19 20:10,0.18,,1,2025-06-19 20:15,0.21,0.62,-0.19,-0.260,0.281,-0.260,0,,,NeverTriggered,Sell,Sell,,2025-06-19 16:00:00,2025-06-19 17:00:00
2025-06-20,0900-1000,3373.98,3343.23,30.75,None,,,,,,0.00,,,,,,,,,NeverTriggered,Sell,Sell,,2025-06-20 16:00:00,2025-06-20 17:00:00
2025-06-23,0900-1000,3387.83,3359.67,28.16,Buy,2025-06-23 18:50,1.58,,1,2025-06-23 18:55,0.20,0.74,-0.66,-0.882,0.271,-0.882,0,,,NeverTriggered,Sell,Buy,,2025-06-23 16:00:00,2025-06-23 17:00:00
2025-06-24,0900-1000,3317.95,3295.28,22.67,Buy,2025-06-24 19:50,1.55,,1,2025-06-24 19:55,0.32,0.11,0.23,0.308,0.430,0.308,0,,,NeverTriggered,Sell,Sell,,2025-06-24 16:00:00,2025-06-24 17:00:00
2025-06-25,0900-1000,3321.74,3311.95,9.79,Buy,2025-06-25 17:40,0.50,,1,2025-06-25 17:45,1.47,0.14,1.05,1.401,1.967,1.401,0,,,Cancelled,Sell,Sell,,2025-06-25 16:00:00,2025-06-25 17:00:00
2025-06-26,0900-1000,3328.62,3309.83,18.79,Buy,2025-06-26 19:20,1.34,,0,,0.42,0.09,0.07,,,0.096,0,,,NeverTriggered,Sell,Sell,,2025-06-26 16:00:00,2025-06-26 17:00:00
2025-06-27,0900-1000,3275.71,3255.67,20.04,Buy,2025-06-27 18:40,1.11,,1,2025-06-27 18:45,0.35,0.37,-0.06,-0.083,0.472,-0.083,0,,,NeverTriggered,Sell,Sell,,2025-06-27 16:00:00,2025-06-27 17:00:00
2025-06-30,0900-1000,3288.56,3277.84,10.72,Buy,2025-06-30 17:30,0.05,,1,2025-06-30 17:35,1.95,0.46,1.32,1.756,2.606,1.756,0,,,Cancelled,Sell,Sell,,2025-06-30 16:00:00,2025-06-30 17:00:00
2025-07-01,0900-1000,3355.67,3344.31,11.36,Sell,2025-07-01 17:50,0.44,,1,2025-07-01 17:55,0.67,0.27,0.43,0.570,0.897,0.570,0,,,NeverTriggered,Buy,Buy,,2025-07-01 16:00:00,2025-07-01 17:00:00
2025-07-02,0900-1000,3346.76,3334.82,11.94,Buy,2025-07-02 19:15,0.52,,1,2025-07-02 19:20,1.12,0.22,0.76,1.009,1.490,1.009,0,,,Cancelled,Buy,Buy,,2025-07-02 16:00:00,2025-07-02 17:00:00
2025-07-03,0900-1000,3338.59,3321.98,16.61,None,,,,,,0.00,,,,,,,,,NeverTriggered,Sell,Sell,,2025-07-03 16:00:00,2025-07-03 17:00:00
2025-07-04,0900-1000,3338.10,3331.94,6.16,Sell,2025-07-04 17:10,0.09,,1,2025-07-04 17:15,0.20,0.40,-0.30,-0.396,0.268,-0.396,0,,,NeverTriggered,Sell,Sell,,2025-07-04 16:00:00,2025-07-04 17:00:00
2025-07-07,0900-1000,3317.18,3306.36,10.82,Buy,2025-07-07 17:15,1.18,,1,2025-07-07 17:20,2.14,0.28,1.84,2.667,2.667,2.667,0,,,Cancelled,Sell,Sell,,2025-07-07 16:00:00,2025-07-07 17:00:00
2025-07-08,0900-1000,3328.80,3310.70,18.10,Sell,2025-07-08 17:05,2.61,,0,,1.31,0.13,0.57,,,0.765,0,,,Cancelled,Sell,Sell,,2025-07-08 16:00:00,2025-07-08 17:00:00
2025-07-09,0900-1000,3305.37,3291.80,13.57,Buy,2025-07-09 17:30,5.11,,0,,0.85,0.00,0.63,,,0.836,0,,,NeverTriggered,Sell,Sell,,2025-07-09 16:00:00,2025-07-09 17:00:00
2025-07-10,0900-1000,3329.40,3310.30,19.10,None,,,,,,0.00,,,,,,,,,NeverTriggered,Buy,Buy,,2025-07-10 16:00:00,2025-07-10 17:00:00
2025-07-11,0900-1000,3359.29,3350.05,9.24,Buy,2025-07-11 17:40,0.69,,1,2025-07-11 17:45,1.04,0.81,-0.17,-1.000,-1.000,-1.000,0,,,Cancelled,Buy,Buy,,2025-07-11 16:00:00,2025-07-11 17:00:00
2025-07-14,0900-1000,3359.16,3347.12,12.04,Sell,2025-07-14 17:35,2.91,,1,2025-07-14 18:05,0.52,0.39,0.40,0.527,0.652,0.527,0,,,NeverTriggered,Sell,Buy,,2025-07-14 16:00:00,2025-07-14 17:00:00
2025-07-15,0900-1000,3352.51,3334.32,18.19,Sell,2025-07-15 18:25,0.06,,1,2025-07-15 18:30,0.79,0.35,0.47,0.621,1.047,0.621,0,,,NeverTriggered,Sell,Sell,,2025-07-15 16:00:00,2025-07-15 17:00:00
2025-07-16,0900-1000,3339.50,3321.82,17.68,Buy,2025-07-16 18:00,5.28,,1,2025-07-16 18:55,2.15,0.18,0.48,0.634,1.550,2.667,0,,,Cancelled,Sell,Sell,,2025-07-16 16:00:00,2025-07-16 17:00:00
2025-07-17,0900-1000,3321.98,3311.39,10.59,Buy,2025-07-17 17:05,0.93,,0,,1.81,0.24,1.52,,,2.023,0,,,Cancelled,Sell,Sell,,2025-07-17 16:00:00,2025-07-17 17:00:00
2025-07-18,0900-1000,3360.44,3352.12,8.32,Sell,2025-07-18 19:10,0.55,,1,2025-07-18 19:15,0.56,0.67,0.09,0.123,0.744,0.123,0,,,NeverTriggered,Buy,Buy,,2025-07-18 16:00:00,2025-07-18 17:00:00
2025-07-21,0900-1000,3395.15,3383.52,11.63,Buy,2025-07-21 17:20,0.72,,0,,0.56,0.32,0.19,,,0.251,0,,,NeverTriggered,Buy,Buy,,2025-07-21 16:00:00,2025-07-21 17:00:00
2025-07-22,0900-1000,3420.13,3404.94,15.19,Buy,2025-07-22 17:50,6.52,,0,,0.89,0.00,0.58,,,0.772,0,,,NeverTriggered,Buy,Buy,,2025-07-22 16:00:00,2025-07-22 17:00:00
2025-07-23,0900-1000,3420.69,3405.41,15.28,Sell,2025-07-23 18:55,6.83,,0,,1.58,0.14,1.07,,,1.422,0,,,Cancelled,Sell,Buy,,2025-07-23 16:00:00,2025-07-23 17:00:00
2025-07-24,0900-1000,3372.18,3351.22,20.96,Buy,2025-07-24 17:15,1.46,,1,2025-07-24 17:20,0.24,0.29,-0.24,-0.323,0.320,-0.323,0,,,NeverTriggered,Sell,Sell,,2025-07-24 16:00:00,2025-07-24 17:00:00
2025-07-25,0900-1000,3347.51,3336.72,10.79,Sell,2025-07-25 17:15,0.30,,1,2025-07-25 17:20,1.10,0.34,-0.02,-0.023,1.470,-0.023,0,,,Cancelled,Sell,Sell,,2025-07-25 16:00:00,2025-07-25 17:00:00
2025-07-28,0900-1000,3330.78,3301.70,29.08,None,,,,,,0.00,,,,,,,,,NeverTriggered,Sell,Sell,,2025-07-28 16:00:00,2025-07-28 17:00:00
2025-07-29,0900-1000,3324.41,3312.77,11.64,Buy,2025-07-29 17:40,2.80,,1,2025-07-29 18:25,0.84,0.47,0.09,0.119,0.759,0.119,0,,,NeverTriggered,Buy,Buy,,2025-07-29 16:00:00,2025-07-29 17:00:00
2025-07-30,0900-1000,3316.14,3298.31,17.83,Sell,2025-07-30 18:20,5.07,,0,,1.70,0.37,1.31,,,1.740,0,,,Cancelled,Sell,Sell,,2025-07-30 16:00:00,2025-07-30 17:00:00
2025-07-31,0900-1000,3310.53,3298.69,11.84,Sell,2025-07-31 17:30,5.16,,1,2025-07-31 18:15,0.77,0.03,0.71,0.940,1.021,0.940,0,,,NeverTriggered,Buy,Buy,,2025-07-31 16:00:00,2025-07-31 17:00:00
2025-08-01,0900-1000,3354.68,3338.74,15.94,Buy,2025-08-01 22:30,1.99,,0,,0.52,0.25,0.48,,,0.641,0,,,NeverTriggered,Buy,Buy,,2025-08-01 16:00:00,2025-08-01 17:00:00
2025-08-04,0900-1000,3385.55,3367.00,18.55,None,,,,,,0.00,,,,,,,,,NeverTriggered,Buy,Buy,,2025-08-04 16:00:00,2025-08-04 17:00:00
2025-08-05,0900-1000,3380.87,3365.77,15.10,Buy,2025-08-05 17:20,1.44,,1,2025-08-05 17:25,0.64,0.37,-0.11,-0.147,0.854,-0.147,0,,,NeverTriggered,Sell,Sell,,2025-08-05 16:00:00,2025-08-05 17:00:00
2025-08-06,0900-1000,3373.87,3365.47,8.40,Buy,2025-08-06 17:20,1.79,,0,,0.74,0.75,-0.67,,,-1.000,0,,,NeverTriggered,Sell,Sell,,2025-08-06 16:00:00,2025-08-06 17:00:00
2025-08-07,0900-1000,3393.96,3380.06,13.90,Buy,2025-08-07 22:30,2.59,,0,,0.58,0.31,0.17,,,0.233,0,,,NeverTriggered,Buy,Sell,,2025-08-07 16:00:00,2025-08-07 17:00:00
2025-08-08,0900-1000,3401.59,3387.39,14.20,Sell,2025-08-08 17:25,3.95,,1,2025-08-08 17:30,0.45,0.80,-0.75,-1.000,-1.000,-1.000,1,-0.84,-1.000,Stop,Buy,Sell,,2025-08-08 16:00:00,2025-08-08 17:00:00
2025-08-11,0900-1000,3362.84,3348.27,14.57,Sell,2025-08-11 17:35,3.72,,1,2025-08-11 17:40,0.48,0.74,0.32,0.422,0.643,0.422,0,,,NeverTriggered,Sell,Sell,,2025-08-11 16:00:00,2025-08-11 17:00:00
2025-08-12,0900-1000,3356.75,3339.92,16.83,Sell,2025-08-12 17:10,4.20,,1,2025-08-12 18:00,0.54,1.15,-0.56,-1.000,-1.000,-1.000,1,0.15,-0.591,EOD,Sell,Sell,,2025-08-12 16:00:00,2025-08-12 17:00:00
2025-08-13,0900-1000,3368.70,3354.40,14.30,Sell,2025-08-13 21:00,2.51,,1,2025-08-13 21:05,0.32,0.31,-0.13,-0.170,0.428,-0.170,0,,,NeverTriggered,Buy,Buy,,2025-08-13 16:00:00,2025-08-13 17:00:00
2025-08-14,0900-1000,3355.87,3341.70,14.17,Sell,2025-08-14 17:05,4.91,,1,2025-08-14 17:15,0.84,0.36,0.46,0.619,1.126,0.619,0,,,NeverTriggered,Sell,Sell,,2025-08-14 16:00:00,2025-08-14 17:00:00
2025-08-15,0900-1000,3346.06,3332.73,13.33,None,,,,,,0.00,,,,,,,,,NeverTriggered,Sell,Sell,,2025-08-15 16:00:00,2025-08-15 17:00:00
2025-08-18,0900-1000,3345.13,3332.24,12.89,Sell,2025-08-18 19:30,0.44,,1,2025-08-18 19:35,0.17,0.21,-0.03,-0.034,0.222,-0.034,0,,,NeverTriggered,Sell,Buy,,2025-08-18 16:00:00,2025-08-18 17:00:00
2025-08-19,0900-1000,3339.22,3325.69,13.53,Sell,2025-08-19 17:45,1.72,,1,2025-08-19 17:55,0.81,0.11,0.77,1.030,1.078,1.030,0,,,NeverTriggered,Sell,Buy,,2025-08-19 16:00:00,2025-08-19 17:00:00
2025-08-20,0900-1000,3348.44,3338.77,9.67,Buy,2025-08-20 17:45,0.74,,1,2025-08-20 17:50,0.19,0.83,-0.02,-1.000,-1.000,-1.000,0,,,NeverTriggered,Buy,Buy,,2025-08-20 16:00:00,2025-08-20 17:00:00
2025-08-21,0900-1000,3347.63,3336.07,11.56,None,,,,,,0.00,,,,,,,,,NeverTriggered,Buy,Sell,,2025-08-21 16:00:00,2025-08-21 17:00:00
2025-08-22,0900-1000,3355.56,3323.42,32.14,Buy,2025-08-22 17:10,3.14,,0,,0.72,0.04,0.51,,,0.682,0,,,NeverTriggered,Sell,Sell,,2025-08-22 16:00:00,2025-08-22 17:00:00
2025-08-25,0900-1000,3373.06,3362.20,10.86,Buy,2025-08-25 17:10,0.53,,1,2025-08-25 17:15,0.30,0.77,-0.80,-1.000,-1.000,-1.000,0,,,NeverTriggered,Buy,Buy,,2025-08-25 16:00:00,2025-08-25 17:00:00
2025-08-26,0900-1000,3378.00,3370.76,7.24,Buy,2025-08-26 17:45,0.19,,1,2025-08-26 17:50,1.85,0.30,1.85,2.464,2.466,2.464,0,,,Cancelled,Sell,Buy,,2025-08-26 16:00:00,2025-08-26 17:00:00
2025-08-27,0900-1000,3384.64,3375.74,8.90,Buy,2025-08-27 17:50,0.80,,0,,1.57,0.18,1.30,,,1.739,0,,,Cancelled,Buy,Sell,,2025-08-27 16:00:00,2025-08-27 17:00:00
2025-08-28,0900-1000,3410.38,3394.67,15.71,Buy,2025-08-28 17:10,1.03,,1,2025-08-28 17:15,0.82,0.36,0.41,0.550,1.094,0.550,0,,,NeverTriggered,Buy,Buy,,2025-08-28 16:00:00,2025-08-28 17:00:00
2025-08-29,0900-1000,3431.65,3413.86,17.79,Buy,2025-08-29 17:10,3.55,,0,,1.25,0.00,0.92,,,1.230,0,,,Cancelled,Buy,Buy,,2025-08-29 16:00:00,2025-08-29 17:00:00
2025-09-01,0900-1000,3479.11,3468.64,10.47,Buy,2025-09-01 17:15,0.28,,1,2025-09-01 17:20,0.22,0.66,-0.12,-0.155,0.293,-0.155,0,,,NeverTriggered,Buy,Buy,,2025-09-01 16:00:00,2025-09-01 17:00:00
2025-09-02,0900-1000,3493.59,3478.14,15.45,Buy,2025-09-02 17:35,10.09,,0,,3.01,0.00,2.73,,,2.667,0,,,Cancelled,Buy,Buy,,2025-09-02 16:00:00,2025-09-02 17:00:00
2025-09-03,0900-1000,3561.40,3549.42,11.98,Buy,2025-09-03 17:20,3.42,,1,2025-09-03 17:30,1.42,0.58,-0.06,-0.080,1.893,-0.080,0,,,Cancelled,Buy,Buy,,2025-09-03 16:00:00,2025-09-03 17:00:00
2025-09-04,0900-1000,3558.79,3535.14,23.65,None,,,,,,0.00,,,,,,,,,NeverTriggered,Buy,Buy,,2025-09-04 16:00:00,2025-09-04 17:00:00
2025-09-05,0900-1000,3597.37,3573.38,23.99,Buy,2025-09-05 19:20,1.91,,1,2025-09-05 19:35,0.11,0.42,-0.41,-0.544,0.098,-0.544,0,,,NeverTriggered,Buy,Buy,,2025-09-05 16:00:00,2025-09-05 17:00:00
2025-09-08,0900-1000,3636.80,3620.56,16.24,Buy,2025-09-08 17:05,0.26,,1,2025-09-08 17:10,0.58,0.48,0.02,0.024,0.770,0.024,0,,,NeverTriggered,Buy,Buy,,2025-09-08 16:00:00,2025-09-08 17:00:00
2025-09-09,0900-1000,3674.96,3646.27,28.69,Sell,2025-09-09 17:30,4.25,,1,2025-09-09 17:40,0.69,0.28,0.59,0.780,0.917,0.780,0,,,NeverTriggered,Buy,Buy,,2025-09-09 16:00:00,2025-09-09 17:00:00
2025-09-10,0900-1000,3654.15,3642.16,11.99,Buy,2025-09-10 17:30,0.57,,1,2025-09-10 17:35,0.09,0.78,-1.26,-1.000,-1.000,-1.000,1,0.60,0.346,EOD,Buy,Buy,,2025-09-10 16:00:00,2025-09-10 17:00:00
2025-09-11,0900-1000,3637.07,3618.50,18.57,Buy,2025-09-11 18:20,1.61,,1,2025-09-11 18:25,0.26,0.37,-0.17,-0.225,0.345,-0.225,0,,,NeverTriggered,Sell,Sell,,2025-09-11 16:00:00,2025-09-11 17:00:00
2025-09-12,0900-1000,3653.40,3643.22,10.18,None,,,2025-09-12 23:05,,,0.00,,,,,,,,,NeverTriggered,Buy,Buy,,2025-09-12 16:00:00,2025-09-12 17:00:00
2025-09-15,0900-1000,3664.19,3646.73,17.46,Buy,2025-09-15 18:00,0.77,,1,2025-09-15 18:05,1.23,0.07,0.97,1.297,1.638,1.297,0,,,Cancelled,Buy,Buy,,2025-09-15 16:00:00,2025-09-15 17:00:00
2025-09-16,0900-1000,3698.44,3685.07,13.37,Buy,2025-09-16 17:10,0.81,,1,2025-09-16 17:15,0.35,0.80,-0.45,-1.000,-1.000,-1.000,1,0.46,-0.728,EOD,Buy,Buy,,2025-09-16 16:00:00,2025-09-16 17:00:00
2025-09-17,0900-1000,3682.44,3672.93,9.51,Buy,2025-09-17 17:10,1.47,,1,2025-09-17 17:20,1.64,3.26,-2.46,-1.000,-1.000,-1.000,0,,,Cancelled,Buy,Sell,,2025-09-17 16:00:00,2025-09-17 17:00:00
2025-09-18,0900-1000,3664.29,3627.88,36.41,None,,,,,,0.00,,,,,,,,,NeverTriggered,Sell,Buy,,2025-09-18 16:00:00,2025-09-18 17:00:00
2025-09-19,0900-1000,3664.24,3643.70,20.54,Buy,2025-09-19 17:35,0.95,,1,2025-09-19 17:40,1.02,0.09,1.00,1.329,1.366,1.329,0,,,Cancelled,Sell,Sell,,2025-09-19 16:00:00,2025-09-19 17:00:00
2025-09-22,0900-1000,3725.68,3713.91,11.77,Buy,2025-09-22 18:05,1.37,,1,2025-09-22 18:10,1.96,0.12,1.92,2.559,2.613,2.559,0,,,Cancelled,Buy,Buy,,2025-09-22 16:00:00,2025-09-22 17:00:00
2025-09-23,0900-1000,3788.85,3774.52,14.33,Sell,2025-09-23 17:15,1.45,,1,2025-09-23 17:30,0.66,0.78,0.76,-1.000,-1.000,-1.000,0,,,Cancelled,Buy,Buy,,2025-09-23 16:00:00,2025-09-23 17:00:00
2025-09-24,0900-1000,3773.16,3759.02,14.14,Sell,2025-09-24 17:05,1.11,,1,2025-09-24 17:10,2.95,0.38,1.62,2.667,2.667,2.667,0,,,Cancelled,Buy,Sell,,2025-09-24 16:00:00,2025-09-24 17:00:00
2025-09-25,0900-1000,3745.68,3722.10,23.58,Buy,2025-09-25 21:25,4.43,,0,,0.54,0.04,0.27,,,0.353,0,,,NeverTriggered,Sell,Buy,,2025-09-25 16:00:00,2025-09-25 17:00:00
2025-09-26,0900-1000,3770.22,3751.10,19.12,Buy,2025-09-26 17:05,4.04,,0,,0.72,0.47,-0.42,,,-0.555,0,,,NeverTriggered,Buy,Buy,,2025-09-26 16:00:00,2025-09-26 17:00:00
2025-09-29,0900-1000,3827.89,3809.25,18.64,Buy,2025-09-29 17:55,0.17,,1,2025-09-29 18:00,0.31,0.35,0.19,0.249,0.413,0.249,0,,,NeverTriggered,Buy,Buy,,2025-09-29 16:00:00,2025-09-29 17:00:00
2025-09-30,0900-1000,3829.93,3811.44,18.49,Buy,2025-09-30 17:05,8.54,,0,,1.67,0.10,1.53,,,2.045,0,,,Cancelled,Sell,Sell,,2025-09-30 16:00:00,2025-09-30 17:00:00
2025-10-01,0900-1000,3877.37,3863.87,13.50,Buy,2025-10-01 17:30,0.43,,1,2025-10-01 17:35,0.11,1.56,-1.04,-1.000,-1.000,-1.000,1,-1.05,-1.000,Stop,Buy,Buy,,2025-10-01 16:00:00,2025-10-01 17:00:00
2025-10-02,0900-1000,3896.95,3871.24,25.71,Sell,2025-10-02 17:15,4.63,,0,,2.02,0.03,0.60,,,2.667,0,,,Cancelled,Buy,Buy,,2025-10-02 16:00:00,2025-10-02 17:00:00
2025-10-03,0900-1000,3890.68,3870.17,20.51,Sell,2025-10-03 17:10,3.21,,1,2025-10-03 17:15,0.18,0.81,-0.76,-1.000,-1.000,-1.000,1,0.04,-0.320,EOD,Buy,Buy,,2025-10-03 16:00:00,2025-10-03 17:00:00
2025-10-06,0900-1000,3949.98,3927.41,22.57,Buy,2025-10-06 17:30,4.49,,1,2025-10-06 18:10,0.89,0.17,0.47,0.622,1.186,0.622,0,,,NeverTriggered,Buy,Buy,,2025-10-06 16:00:00,2025-10-06 17:00:00
2025-10-07,0900-1000,3985.72,3970.67,15.05,Buy,2025-10-07 18:10,0.75,,1,2025-10-07 18:25,0.34,0.96,-0.02,-1.000,-1.000,-1.000,1,-0.79,-1.000,Stop,Buy,Buy,,2025-10-07 16:00:00,2025-10-07 17:00:00
2025-10-08,0900-1000,4049.29,4026.41,22.88,Buy,2025-10-08 19:10,6.13,,0,,0.43,0.75,-0.19,,,-0.253,0,,,NeverTriggered,Buy,Buy,,2025-10-08 16:00:00,2025-10-08 17:00:00
2025-10-09,0900-1000,4057.93,4012.83,45.10,Sell,2025-10-09 17:20,2.87,,1,2025-10-09 17:25,1.52,0.35,0.80,1.072,2.024,1.072,0,,,Cancelled,Buy,Buy,,2025-10-09 16:00:00,2025-10-09 17:00:00
2025-10-10,0900-1000,3998.14,3972.95,25.19,Buy,2025-10-10 18:05,12.71,,1,2025-10-10 18:45,0.97,0.82,0.51,-1.000,-1.000,-1.000,0,,,NeverTriggered,Sell,Buy,,2025-10-10 16:00:00,2025-10-10 17:00:00
2025-10-13,0900-1000,4096.70,4078.10,18.60,Buy,2025-10-13 17:30,0.42,,1,2025-10-13 17:35,1.09,0.32,0.78,1.040,1.454,1.040,0,,,Cancelled,Buy,Buy,,2025-10-13 16:00:00,2025-10-13 17:00:00
2025-10-14,0900-1000,4131.01,4097.66,33.35,Buy,2025-10-14 17:10,3.28,,1,2025-10-14 17:15,0.73,0.14,0.40,0.527,0.977,0.527,0,,,NeverTriggered,Sell,Buy,,2025-10-14 16:00:00,2025-10-14 17:00:00
2025-10-15,0900-1000,4205.14,4183.11,22.03,Buy,2025-10-15 17:05,0.82,,1,2025-10-15 17:15,0.33,0.80,0.20,-1.000,-1.000,-1.000,1,-0.76,-1.000,Stop,Buy,Buy,,2025-10-15 16:00:00,2025-10-15 17:00:00
2025-10-16,0900-1000,4258.55,4234.88,23.67,Buy,2025-10-16 17:05,2.06,,1,2025-10-16 17:20,2.83,0.19,2.79,2.667,2.667,2.667,0,,,Cancelled,Buy,Buy,,2025-10-16 16:00:00,2025-10-16 17:00:00
2025-10-17,0900-1000,4317.59,4236.81,80.78,Sell,2025-10-17 17:10,19.45,,1,2025-10-17 17:15,0.63,0.37,-0.13,-0.173,0.842,-0.173,0,,,NeverTriggered,Sell,Sell,,2025-10-17 16:00:00,2025-10-17 17:00:00
2025-10-20,0900-1000,4324.88,4292.72,32.16,Buy,2025-10-20 17:35,2.04,,1,2025-10-20 17:40,1.76,0.24,1.00,1.328,2.342,1.328,0,,,Cancelled,Buy,Buy,,2025-10-20 16:00:00,2025-10-20 17:00:00
2025-10-21,0900-1000,4225.43,4165.60,59.83,Sell,2025-10-21 17:20,12.83,,0,,1.41,0.07,0.64,,,0.856,0,,,Cancelled,Sell,Sell,,2025-10-21 16:00:00,2025-10-21 17:00:00
2025-10-22,0900-1000,4085.17,4033.67,51.50,Sell,2025-10-22 17:50,21.02,,1,2025-10-22 18:05,0.43,0.77,-1.33,-1.000,-1.000,-1.000,1,0.55,0.434,EOD,Sell,Sell,,2025-10-22 16:00:00,2025-10-22 17:00:00
2025-10-23,0900-1000,4150.99,4125.68,25.31,Buy,2025-10-23 17:05,2.16,,1,2025-10-23 17:10,0.15,0.93,-1.25,-1.000,-1.000,-1.000,1,0.72,0.338,EOD,Buy,Buy,,2025-10-23 16:00:00,2025-10-23 17:00:00
2025-10-24,0900-1000,4121.99,4078.96,43.03,Buy,2025-10-24 17:10,10.14,,1,2025-10-24 17:25,0.39,0.59,-0.23,-0.306,0.517,-0.306,0,,,NeverTriggered,Sell,Sell,,2025-10-24 16:00:00,2025-10-24 17:00:00
2025-10-27,0900-1000,4050.38,4006.89,43.49,Sell,2025-10-27 17:15,14.09,,0,,0.82,0.07,0.48,,,0.640,0,,,NeverTriggered,Sell,Sell,,2025-10-27 16:00:00,2025-10-27 17:00:00
2025-10-28,0900-1000,3942.75,3912.34,30.41,Buy,2025-10-28 17:25,7.32,,1,2025-10-28 17:40,0.91,0.11,0.38,0.501,1.213,0.501,0,,,NeverTriggered,Sell,Sell,,2025-10-28 16:00:00,2025-10-28 17:00:00
2025-10-29,0900-1000,4025.44,4002.32,23.12,Sell,2025-10-29 18:45,4.70,,0,,3.22,0.23,2.97,,,2.667,0,,,Cancelled,Buy,Buy,,2025-10-29 16:00:00,2025-10-29 17:00:00
2025-10-30,0900-1000,4000.40,3960.20,40.20,Buy,2025-10-30 17:05,9.15,,1,2025-10-30 17:20,0.66,0.34,0.62,0.824,0.884,0.824,0,,,NeverTriggered,Sell,Buy,,2025-10-30 16:00:00,2025-10-30 17:00:00
2025-10-31,0900-1000,4035.55,4010.41,25.14,Sell,2025-10-31 19:00,4.44,,0,,1.51,0.19,0.29,,,0.385,0,,,Cancelled,Buy,Buy,,2025-10-31 16:00:00,2025-10-31 17:00:00
2025-11-03,0900-1000,4030.59,4003.40,27.19,Sell,2025-11-03 18:15,3.82,,1,2025-11-03 18:20,0.31,0.43,0.07,0.089,0.408,0.089,0,,,NeverTriggered,Buy,Buy,,2025-11-03 17:00:00,2025-11-03 18:00:00
2025-11-04,0900-1000,3968.29,3941.41,26.88,Buy,2025-11-04 18:15,1.54,,1,2025-11-04 18:40,0.27,0.85,-1.35,-1.000,-1.000,-1.000,1,0.41,0.470,EOD,Sell,Sell,,2025-11-04 17:00:00,2025-11-04 18:00:00
2025-11-05,0900-1000,3984.46,3964.06,20.40,Buy,2025-11-05 18:45,3.21,,1,2025-11-05 19:05,0.29,0.28,-0.10,-0.129,0.375,-0.129,0,,,NeverTriggered,Buy,Buy,,2025-11-05 17:00:00,2025-11-05 18:00:00
2025-11-06,0900-1000,3993.80,3974.99,18.81,Sell,2025-11-06 19:20,7.53,,1,2025-11-06 19:35,0.49,0.77,-0.15,-1.000,-1.000,-1.000,1,-0.77,-1.000,Stop,Sell,Buy,,2025-11-06 17:00:00,2025-11-06 18:00:00
2025-11-07,0900-1000,3999.07,3984.07,15.00,Buy,2025-11-07 18:10,0.20,,1,2025-11-07 18:15,1.90,0.45,0.04,0.060,2.532,0.060,0,,,Cancelled,Sell,Sell,,2025-11-07 17:00:00,2025-11-07 18:00:00
2025-11-10,0900-1000,4094.40,4077.83,16.57,Buy,2025-11-10 18:55,0.41,,1,2025-11-10 19:00,1.30,0.07,1.28,1.712,1.732,1.712,0,,,Cancelled,Buy,Buy,,2025-11-10 17:00:00,2025-11-10 18:00:00
2025-11-11,0900-1000,4125.97,4097.09,28.88,Buy,2025-11-11 22:10,1.24,,1,2025-11-11 22:20,0.21,0.06,0.02,0.029,0.276,0.029,0,,,NeverTriggered,Sell,Buy,,2025-11-11 17:00:00,2025-11-11 18:00:00
2025-11-12,0900-1000,4187.64,4134.53,53.11,Buy,2025-11-12 18:30,6.13,,1,2025-11-12 18:35,0.46,0.02,0.21,0.278,0.608,0.278,0,,,NeverTriggered,Buy,Buy,,2025-11-12 17:00:00,2025-11-12 18:00:00
2025-11-13,0900-1000,4208.43,4186.59,21.84,Buy,2025-11-13 18:10,1.49,,1,2025-11-13 18:15,0.11,0.96,-1.69,-1.000,-1.000,-1.000,1,1.90,0.926,EOD,Sell,Buy,,2025-11-13 17:00:00,2025-11-13 18:00:00
2025-11-14,0900-1000,4095.97,4068.34,27.63,Buy,2025-11-14 18:15,0.80,,1,2025-11-14 18:20,0.55,0.74,-0.60,-0.797,0.737,-0.797,0,,,NeverTriggered,Sell,Sell,,2025-11-14 17:00:00,2025-11-14 18:00:00
2025-11-17,0900-1000,4077.66,4055.99,21.67,Sell,2025-11-17 21:30,17.97,,0,,2.27,0.12,0.53,,,2.667,0,,,Cancelled,Sell,Sell,,2025-11-17 17:00:00,2025-11-17 18:00:00
2025-11-18,0900-1000,4072.44,4040.57,31.87,Buy,2025-11-18 20:50,0.84,,1,2025-11-18 20:55,0.31,0.24,-0.15,-0.195,0.414,-0.195,0,,,NeverTriggered,Buy,Buy,,2025-11-18 17:00:00,2025-11-18 18:00:00
2025-11-19,0900-1000,4132.82,4083.86,48.96,Sell,2025-11-19 18:25,9.23,,0,,0.58,0.15,0.04,,,0.060,0,,,NeverTriggered,Buy,Buy,,2025-11-19 17:00:00,2025-11-19 18:00:00
2025-11-20,0900-1000,4098.85,4068.76,30.09,Sell,2025-11-20 18:25,3.56,,0,,0.83,0.61,-0.29,,,-0.383,0,,,NeverTriggered,Buy,Buy,,2025-11-20 17:00:00,2025-11-20 18:00:00
2025-11-21,0900-1000,4076.76,4055.15,21.61,Buy,2025-11-21 18:45,5.76,,0,,1.13,0.80,-0.51,,,-1.000,0,,,Cancelled,Buy,Buy,,2025-11-21 17:00:00,2025-11-21 18:00:00
2025-11-24,0900-1000,4093.97,4081.17,12.80,Buy,2025-11-24 18:30,2.31,,1,2025-11-24 19:10,3.59,0.46,3.57,2.667,2.667,2.667,0,,,Cancelled,Buy,Buy,,2025-11-24 17:00:00,2025-11-24 18:00:00
2025-11-25,0900-1000,4133.83,4117.94,15.89,Buy,2025-11-25 18:15,4.15,,1,2025-11-25 18:20,1.60,0.39,-0.18,-0.236,2.140,-0.236,0,,,Cancelled,Sell,Buy,,2025-11-25 17:00:00,2025-11-25 18:00:00
2025-11-26,0900-1000,4165.73,4136.58,29.15,Buy,2025-11-26 18:40,1.65,,1,2025-11-26 18:45,0.20,0.26,-0.05,-0.061,0.267,-0.061,0,,,NeverTriggered,Sell,Sell,,2025-11-26 17:00:00,2025-11-26 18:00:00
2025-11-27,0900-1000,4161.73,4153.05,8.68,None,,,,,,0.00,,,,,,,,,NeverTriggered,Sell,Sell,,2025-11-27 17:00:00,2025-11-27 18:00:00
2025-11-28,0900-1000,4206.12,4185.55,20.57,Buy,2025-11-28 18:15,0.16,,1,2025-11-28 18:20,0.71,0.34,0.69,0.920,0.950,0.920,0,,,NeverTriggered,Buy,Buy,,2025-11-28 17:00:00,2025-11-28 18:00:00
2025-12-01,0900-1000,4244.89,4219.50,25.39,None,,,,,,0.00,,,,,,,,,NeverTriggered,Buy,Buy,,2025-12-01 17:00:00,2025-12-01 18:00:00
2025-12-02,0900-1000,4219.63,4163.38,56.25,None,,,,,,0.00,,,,,,,,,NeverTriggered,Buy,Sell,,2025-12-02 17:00:00,2025-12-02 18:00:00
2025-12-03,0900-1000,4229.66,4206.14,23.52,Sell,2025-12-03 18:55,5.21,,1,2025-12-03 19:00,0.47,0.40,-0.00,-0.004,0.632,-0.004,0,,,NeverTriggered,Buy,Buy,,2025-12-03 17:00:00,2025-12-03 18:00:00
2025-12-04,0900-1000,4212.67,4191.36,21.31,Buy,2025-12-04 18:05,1.58,,1,2025-12-04 18:10,0.31,0.62,-0.20,-0.262,0.417,-0.262,0,,,NeverTriggered,Buy,Sell,,2025-12-04 17:00:00,2025-12-04 18:00:00
2025-12-05,0900-1000,4259.33,4233.92,25.41,Sell,2025-12-05 18:05,7.67,,0,,1.65,0.23,1.45,,,1.939,0,,,Cancelled,Buy,Buy,,2025-12-05 17:00:00,2025-12-05 18:00:00
2025-12-08,0900-1000,4196.57,4176.15,20.42,None,,,,,,0.00,,,,,,,,,NeverTriggered,Sell,Sell,,2025-12-08 17:00:00,2025-12-08 18:00:00
2025-12-09,0900-1000,4216.86,4189.79,27.07,Buy,2025-12-09 18:10,1.50,,1,2025-12-09 18:15,0.17,0.58,-0.28,-0.372,0.222,-0.372,0,,,NeverTriggered,Buy,Buy,,2025-12-09 17:00:00,2025-12-09 18:00:00
2025-12-10,0900-1000,4201.11,4188.80,12.31,Buy,2025-12-10 18:40,1.28,,1,2025-12-10 19:05,0.91,0.81,2.20,-1.000,-1.000,-1.000,0,,,Cancelled,Sell,Sell,,2025-12-10 17:00:00,2025-12-10 18:00:00
2025-12-11,0900-1000,4261.41,4226.15,35.26,Buy,2025-12-11 18:40,0.23,,1,2025-12-11 18:45,0.70,0.10,0.61,0.813,0.927,0.813,0,,,NeverTriggered,Buy,Buy,,2025-12-11 17:00:00,2025-12-11 18:00:00
2025-12-12,0900-1000,4351.42,4275.19,76.23,Sell,2025-12-12 18:35,8.98,,1,2025-12-12 18:45,0.23,0.38,-0.35,-0.472,0.083,-0.472,0,,,NeverTriggered,Buy,Buy,,2025-12-12 17:00:00,2025-12-12 18:00:00
2025-12-15,0900-1000,4327.91,4307.38,20.53,Sell,2025-12-15 18:10,3.58,,0,,1.06,0.51,0.24,,,0.323,0,,,Cancelled,Sell,Buy,,2025-12-15 17:00:00,2025-12-15 18:00:00
2025-12-16,0900-1000,4335.08,4312.62,22.46,Sell,2025-12-16 18:15,6.66,,1,2025-12-16 18:25,0.95,0.15,0.40,0.530,1.269,0.530,0,,,NeverTriggered,Buy,Buy,,2025-12-16 17:00:00,2025-12-16 18:00:00
2025-12-17,0900-1000,4349.23,4324.19,25.04,None,,,,,,0.00,,,,,,,,,NeverTriggered,Buy,Buy,,2025-12-17 17:00:00,2025-12-17 18:00:00
2025-12-18,0900-1000,4345.68,4325.04,20.64,Buy,2025-12-18 18:05,0.81,,0,,1.39,0.80,-0.66,,,-1.000,0,,,Cancelled,Sell,Sell,,2025-12-18 17:00:00,2025-12-18 18:00:00
2025-12-19,0900-1000,4354.84,4331.95,22.89,None,,,,,,0.00,,,,,,,,,NeverTriggered,Buy,Buy,,2025-12-19 17:00:00,2025-12-19 18:00:00
2025-12-22,0900-1000,4435.55,4411.92,23.63,Buy,2025-12-22 18:10,2.31,,1,2025-12-22 18:15,0.57,0.28,0.43,0.572,0.760,0.572,0,,,NeverTriggered,Buy,Buy,,2025-12-22 17:00:00,2025-12-22 18:00:00
2025-12-23,0900-1000,4460.11,4430.28,29.83,Buy,2025-12-23 18:20,2.83,,1,2025-12-23 18:30,1.33,0.15,0.95,1.269,1.780,1.269,0,,,Cancelled,Sell,Buy,,2025-12-23 17:00:00,2025-12-23 18:00:00
2025-12-24,0900-1000,4476.62,4448.31,28.31,Buy,2025-12-24 18:55,0.09,,1,2025-12-24 19:00,0.39,0.13,0.14,0.184,0.516,0.184,0,,,NeverTriggered,Sell,Sell,,2025-12-24 17:00:00,2025-12-24 18:00:00
2025-12-26,0900-1000,4549.17,4519.72,29.45,Sell,2025-12-26 19:25,1.35,,1,2025-12-26 19:30,0.34,0.54,-0.43,-0.576,0.459,-0.576,0,,,NeverTriggered,Buy,Buy,,2025-12-26 17:00:00,2025-12-26 18:00:00
2025-12-29,0900-1000,4360.68,4302.04,58.64,None,,,,,,0.00,,,,,,,,,NeverTriggered,Sell,Sell,,2025-12-29 17:00:00,2025-12-29 18:00:00
2025-12-30,0900-1000,4377.36,4359.50,17.86,Sell,2025-12-30 18:05,3.34,,1,2025-12-30 18:10,0.26,1.15,0.72,-1.000,-1.000,-1.000,1,-0.83,-1.000,Stop,Sell,Buy,,2025-12-30 17:00:00,2025-12-30 18:00:00
2025-12-31,0900-1000,4346.19,4327.26,18.93,Sell,2025-12-31 18:10,3.27,,1,2025-12-31 18:15,1.20,0.23,0.67,0.893,1.597,0.893,0,,,Cancelled,Buy,Buy,,2025-12-31 17:00:00,2025-12-31 18:00:00
2026-01-02,0900-1000,4357.20,4324.12,33.08,Sell,2026-01-02 18:10,1.71,,1,2026-01-02 18:15,0.43,0.29,-0.19,-0.252,0.572,-0.252,0,,,NeverTriggered,Sell,Buy,,2026-01-02 17:00:00,2026-01-02 18:00:00
2026-01-05,0900-1000,4455.78,4435.59,20.19,Sell,2026-01-05 19:00,1.71,,1,2026-01-05 19:05,0.15,0.68,-0.64,-0.852,0.204,-0.852,0,,,NeverTriggered,Buy,Buy,,2026-01-05 17:00:00,2026-01-05 18:00:00
2026-01-06,0900-1000,4491.01,4462.93,28.08,None,,,2026-01-06 23:30,,,0.00,,,,,,,,,NeverTriggered,Buy,Buy,,2026-01-06 17:00:00,2026-01-06 18:00:00
2026-01-07,0900-1000,4452.36,4423.30,29.06,Buy,2026-01-07 18:20,6.43,,0,,0.55,0.24,0.02,,,0.032,0,,,NeverTriggered,Sell,Sell,,2026-01-07 17:00:00,2026-01-07 18:00:00
2026-01-08,0900-1000,4458.01,4427.75,30.26,Buy,2026-01-08 18:30,2.95,,1,2026-01-08 18:45,0.71,0.44,0.60,0.805,0.950,0.805,0,,,NeverTriggered,Sell,Sell,,2026-01-08 17:00:00,2026-01-08 18:00:00
2026-01-09,0900-1000,4517.20,4490.51,26.69,Sell,2026-01-09 19:50,3.04,,1,2026-01-09 20:05,0.32,0.75,-0.73,-1.000,-1.000,-1.000,0,,,NeverTriggered,Buy,Buy,,2026-01-09 17:00:00,2026-01-09 18:00:00
2026-01-12,0900-1000,4627.49,4601.94,25.55,Buy,2026-01-12 18:10,1.82,,1,2026-01-12 18:15,0.11,0.77,-1.32,-1.000,-1.000,-1.000,1,0.50,0.428,EOD,Buy,Buy,,2026-01-12 17:00:00,2026-01-12 18:00:00
2026-01-13,0900-1000,4630.34,4600.88,29.46,Sell,2026-01-13 18:25,2.37,,1,2026-01-13 18:30,1.07,0.52,0.44,0.582,1.422,0.582,0,,,Cancelled,Buy,Buy,,2026-01-13 17:00:00,2026-01-13 18:00:00
2026-01-14,0900-1000,4626.61,4599.36,27.25,Buy,2026-01-14 20:40,4.71,,0,,0.60,0.32,-0.21,,,-0.282,0,,,NeverTriggered,Sell,Buy,,2026-01-14 17:00:00,2026-01-14 18:00:00
2026-01-15,0900-1000,4618.18,4603.80,14.38,Buy,2026-01-15 18:10,4.04,,1,2026-01-15 18:20,0.47,0.83,-0.23,-1.000,-1.000,-1.000,1,-0.88,-1.000,Stop,Buy,Sell,,2026-01-15 17:00:00,2026-01-15 18:00:00
2026-01-16,0900-1000,4620.39,4536.95,83.44,None,,,,,,0.00,,,,,,,,,NeverTriggered,Buy,Sell,,2026-01-16 17:00:00,2026-01-16 18:00:00
2026-01-19,0900-1000,4676.19,4664.16,12.03,Buy,2026-01-19 19:50,1.66,,1,2026-01-19 19:55,0.33,0.76,-0.43,-1.000,-1.000,-1.000,0,,,NeverTriggered,Buy,Buy,,2026-01-19 17:00:00,2026-01-19 18:00:00
2026-01-20,0900-1000,4748.44,4722.60,25.84,Buy,2026-01-20 18:45,0.42,,1,2026-01-20 18:50,0.70,0.12,0.58,0.767,0.928,0.767,0,,,NeverTriggered,Buy,Buy,,2026-01-20 17:00:00,2026-01-20 18:00:00
2026-01-21,0900-1000,4868.56,4812.78,55.78,Sell,2026-01-21 19:30,5.58,,1,2026-01-21 19:35,1.02,0.74,-0.42,-0.559,1.355,-0.559,0,,,Cancelled,Buy,Buy,,2026-01-21 17:00:00,2026-01-21 18:00:00
2026-01-22,0900-1000,4874.22,4826.99,47.23,Buy,2026-01-22 18:15,3.77,,1,2026-01-22 18:30,1.41,0.10,1.32,1.759,1.879,1.759,0,,,Cancelled,Buy,Buy,,2026-01-22 17:00:00,2026-01-22 18:00:00
2026-01-23,0900-1000,4966.44,4941.19,25.25,Buy,2026-01-23 18:05,7.58,,0,,0.93,0.32,0.64,,,0.859,0,,,NeverTriggered,Buy,Buy,,2026-01-23 17:00:00,2026-01-23 18:00:00
2026-01-26,0900-1000,5102.94,5073.81,29.13,Sell,2026-01-26 20:30,0.21,,1,2026-01-26 20:35,2.89,0.40,2.03,2.667,2.667,2.667,0,,,Cancelled,Buy,Buy,,2026-01-26 17:00:00,2026-01-26 18:00:00
2026-01-27,0900-1000,5091.81,5047.58,44.23,Buy,2026-01-27 18:10,3.48,,1,2026-01-27 18:30,2.23,0.35,2.20,2.667,2.667,2.667,0,,,Cancelled,Sell,Sell,,2026-01-27 17:00:00,2026-01-27 18:00:00
2026-01-28,0900-1000,5298.23,5235.10,63.13,Buy,2026-01-28 18:55,1.77,,1,2026-01-28 19:05,1.64,0.47,1.61,2.140,2.183,2.140,0,,,Cancelled,Buy,Buy,,2026-01-28 17:00:00,2026-01-28 18:00:00
2026-01-29,0900-1000,5496.73,5099.79,396.94,None,,,,,,0.00,,,,,,,,,NeverTriggered,Buy,Buy,,2026-01-29 17:00:00,2026-01-29 18:00:00
2026-01-30,0900-1000,5073.80,4980.28,93.52,Sell,2026-01-30 19:00,5.80,,0,,3.18,0.06,1.24,,,2.667,0,,,Cancelled,Sell,Sell,,2026-01-30 17:00:00,2026-01-30 18:00:00
2026-02-02,0900-1000,4745.44,4596.31,149.13,None,,,,,,0.00,,,,,,,,,NeverTriggered,Sell,Sell,,2026-02-02 17:00:00,2026-02-02 18:00:00
2026-02-03,0900-1000,4948.41,4904.75,43.66,Buy,2026-02-03 18:15,19.02,,1,2026-02-03 19:00,1.04,0.79,-0.21,-1.000,-1.000,-1.000,0,,,Cancelled,Buy,Buy,,2026-02-03 17:00:00,2026-02-03 18:00:00
2026-02-04,0900-1000,5007.66,4887.72,119.94,None,,,,,,0.00,,,,,,,,,NeverTriggered,Sell,Buy,,2026-02-04 17:00:00,2026-02-04 18:00:00
2026-02-05,0900-1000,4865.52,4800.66,64.86,Buy,2026-02-05 18:40,13.18,,1,2026-02-05 18:45,0.63,0.80,-1.46,-1.000,-1.000,-1.000,1,0.63,0.611,EOD,Sell,Sell,,2026-02-05 17:00:00,2026-02-05 18:00:00
2026-02-06,0900-1000,4964.91,4928.61,36.30,Buy,2026-02-06 20:35,0.07,,1,2026-02-06 20:40,0.09,0.78,-0.11,-1.000,-1.000,-1.000,0,,,NeverTriggered,Buy,Buy,,2026-02-06 17:00:00,2026-02-06 18:00:00
2026-02-09,0900-1000,5068.51,5023.50,45.01,Buy,2026-02-09 18:20,5.87,,1,2026-02-09 18:30,0.40,0.62,-0.07,-0.091,0.534,-0.091,0,,,NeverTriggered,Buy,Buy,,2026-02-09 17:00:00,2026-02-09 18:00:00
2026-02-10,0900-1000,5048.27,4999.01,49.26,None,,,,,,0.00,,,,,,,,,NeverTriggered,Buy,Buy,,2026-02-10 17:00:00,2026-02-10 18:00:00
2026-02-11,0900-1000,5081.81,5039.06,42.75,Buy,2026-02-11 19:10,2.54,,1,2026-02-11 19:15,0.40,0.34,-0.07,-0.093,0.534,-0.093,0,,,NeverTriggered,Buy,Buy,,2026-02-11 17:00:00,2026-02-11 18:00:00
2026-02-12,0900-1000,5074.92,5040.09,34.83,Sell,2026-02-12 18:10,83.05,,0,,4.64,0.34,3.45,,,2.667,0,,,Cancelled,Sell,Sell,,2026-02-12 17:00:00,2026-02-12 18:00:00
2026-02-13,0900-1000,5020.50,4973.96,46.54,Buy,2026-02-13 18:25,6.70,,1,2026-02-13 18:30,0.55,0.31,0.48,0.639,0.733,0.639,0,,,NeverTriggered,Buy,Buy,,2026-02-13 17:00:00,2026-02-13 18:00:00
2026-02-16,0900-1000,4988.40,4969.14,19.26,Buy,2026-02-16 19:00,4.35,,0,,0.48,0.02,0.26,,,0.348,0,,,NeverTriggered,Sell,Sell,,2026-02-16 17:00:00,2026-02-16 18:00:00
2026-02-17,0900-1000,4887.93,4849.16,38.77,Buy,2026-02-17 18:05,0.90,,1,2026-02-17 18:10,0.14,0.77,-0.26,-1.000,-1.000,-1.000,0,,,NeverTriggered,Sell,Sell,,2026-02-17 17:00:00,2026-02-17 18:00:00
2026-02-18,0900-1000,5008.95,4991.86,17.09,Sell,2026-02-18 20:25,4.19,,1,2026-02-18 20:30,1.11,0.20,0.73,0.975,1.476,0.975,0,,,Cancelled,Buy,Buy,,2026-02-18 17:00:00,2026-02-18 18:00:00
2026-02-19,0900-1000,5022.24,4996.20,26.04,Sell,2026-02-19 18:55,1.21,,1,2026-02-19 19:00,0.80,0.31,-0.11,-0.146,1.063,-0.146,0,,,NeverTriggered,Buy,Buy,,2026-02-19 17:00:00,2026-02-19 18:00:00
2026-02-20,0900-1000,5064.11,4990.21,73.90,Buy,2026-02-20 18:30,3.09,,1,2026-02-20 18:35,0.55,0.15,0.53,0.713,0.734,0.713,0,,,NeverTriggered,Buy,Buy,,2026-02-20 17:00:00,2026-02-20 18:00:00
2026-02-23,0900-1000,5204.99,5175.88,29.11,Buy,2026-02-23 18:15,10.00,,1,2026-02-23 19:10,1.13,0.48,0.91,1.211,1.500,1.211,0,,,Cancelled,Buy,Buy,,2026-02-23 17:00:00,2026-02-23 18:00:00
2026-02-24,0900-1000,5155.23,5118.08,37.15,Buy,2026-02-24 19:10,1.03,,1,2026-02-24 19:25,0.48,0.25,-0.19,-0.253,0.645,-0.253,0,,,NeverTriggered,Sell,Sell,,2026-02-24 17:00:00,2026-02-24 18:00:00
2026-02-25,0900-1000,5202.57,5172.57,30.00,Buy,2026-02-25 18:20,2.74,,1,2026-02-25 18:25,0.50,0.84,-1.05,-1.000,-1.000,-1.000,1,0.89,0.068,EOD,Buy,Buy,,2026-02-25 17:00:00,2026-02-25 18:00:00
2026-02-26,0900-1000,5192.86,5130.82,62.04,Buy,2026-02-26 21:45,0.86,,1,2026-02-26 21:50,0.13,0.13,-0.09,-0.122,0.170,-0.122,0,,,NeverTriggered,Sell,Sell,,2026-02-26 17:00:00,2026-02-26 18:00:00
2026-02-27,0900-1000,5246.38,5214.90,31.48,Buy,2026-02-27 18:10,7.42,,1,2026-02-27 18:20,0.36,0.77,1.01,-1.000,-1.000,-1.000,0,,,Cancelled,Buy,Buy,,2026-02-27 17:00:00,2026-02-27 18:00:00
2026-03-02,0900-1000,5348.80,5261.14,87.66,None,,,,,,0.00,,,,,,,,,NeverTriggered,Sell,Buy,,2026-03-02 17:00:00,2026-03-02 18:00:00
2026-03-03,0900-1000,5110.55,4997.07,113.48,Buy,2026-03-03 18:20,10.68,,1,2026-03-03 18:30,0.34,0.40,-0.20,-0.272,0.450,-0.272,0,,,NeverTriggered,Sell,Sell,,2026-03-03 17:00:00,2026-03-03 18:00:00
2026-03-04,0900-1000,5166.91,5131.45,35.46,Sell,2026-03-04 19:20,3.13,,1,2026-03-04 19:25,0.62,0.46,-0.13,-0.171,0.824,-0.171,0,,,NeverTriggered,Sell,Sell,,2026-03-04 17:00:00,2026-03-04 18:00:00
2026-03-05,0900-1000,5119.94,5060.92,59.02,Sell,2026-03-05 19:50,2.10,,1,2026-03-05 19:55,0.17,0.57,-0.28,-0.370,0.222,-0.370,0,,,NeverTriggered,Sell,Sell,,2026-03-05 17:00:00,2026-03-05 18:00:00
2026-03-06,0900-1000,5171.33,5128.38,42.95,Buy,2026-03-06 21:15,2.73,,1,2026-03-06 21:20,0.07,0.50,-0.01,-0.008,0.090,-0.008,0,,,NeverTriggered,Buy,Sell,,2026-03-06 17:00:00,2026-03-06 18:00:00
2026-03-09,0900-1000,5110.79,5067.17,43.62,Buy,2026-03-09 17:40,1.44,,1,2026-03-09 17:45,0.85,0.72,0.64,0.849,1.135,0.849,0,,,NeverTriggered,Sell,Sell,,2026-03-09 16:00:00,2026-03-09 17:00:00
2026-03-10,0900-1000,5228.64,5186.04,42.60,Buy,2026-03-10 18:30,4.88,,1,2026-03-10 18:35,0.23,1.61,-0.77,-1.000,-1.000,-1.000,1,-0.76,-1.000,Stop,Buy,Buy,,2026-03-10 16:00:00,2026-03-10 17:00:00
2026-03-11,0900-1000,5186.30,5149.03,37.27,Buy,2026-03-11 17:45,2.26,,1,2026-03-11 17:50,0.19,0.75,-0.27,-1.000,-1.000,-1.000,0,,,NeverTriggered,Sell,Sell,,2026-03-11 16:00:00,2026-03-11 17:00:00
2026-03-12,0900-1000,5186.06,5145.83,40.23,Sell,2026-03-12 18:00,13.75,,0,,2.26,0.00,1.61,,,2.667,0,,,Cancelled,Buy,Buy,,2026-03-12 16:00:00,2026-03-12 17:00:00
2026-03-13,0900-1000,5121.19,5093.33,27.86,Sell,2026-03-13 17:10,2.43,,1,2026-03-13 17:15,3.01,0.28,2.67,2.667,2.667,2.667,0,,,Cancelled,Buy,Sell,,2026-03-13 16:00:00,2026-03-13 17:00:00
2026-03-16,0900-1000,5034.32,5013.82,20.50,Sell,2026-03-16 17:35,7.62,,0,,1.94,0.38,0.22,,,0.287,0,,,Cancelled,Buy,Sell,,2026-03-16 16:00:00,2026-03-16 17:00:00
2026-03-17,0900-1000,5031.47,5005.16,26.31,Sell,2026-03-17 18:25,10.98,,0,,1.21,0.16,0.08,,,0.105,0,,,Cancelled,Sell,Sell,,2026-03-17 16:00:00,2026-03-17 17:00:00
2026-03-18,0900-1000,4886.29,4834.12,52.17,Buy,2026-03-18 17:05,5.82,,1,2026-03-18 17:10,0.24,0.82,-1.16,-1.000,-1.000,-1.000,1,0.52,0.218,EOD,Sell,Sell,,2026-03-18 16:00:00,2026-03-18 17:00:00
2026-03-19,0900-1000,4642.88,4502.09,140.79,Buy,2026-03-19 22:05,7.04,,1,2026-03-19 22:10,0.14,0.08,0.11,0.142,0.190,0.142,0,,,NeverTriggered,Sell,Sell,,2026-03-19 16:00:00,2026-03-19 17:00:00
2026-03-20,0900-1000,4679.50,4608.12,71.38,Sell,2026-03-20 17:10,20.74,,0,,1.83,0.14,1.55,,,2.064,0,,,Cancelled,Sell,Sell,,2026-03-20 16:00:00,2026-03-20 17:00:00
2026-03-23,0900-1000,4485.14,4401.41,83.73,Buy,2026-03-23 17:15,5.04,,1,2026-03-23 17:20,0.33,0.83,-0.87,-1.000,-1.000,-1.000,1,-0.78,-1.000,Stop,Buy,Sell,,2026-03-23 16:00:00,2026-03-23 17:00:00
2026-03-24,0900-1000,4396.42,4351.38,45.04,Buy,2026-03-24 17:20,10.41,,1,2026-03-24 18:10,1.94,0.54,1.54,2.054,2.586,2.054,0,,,Cancelled,Sell,Buy,,2026-03-24 16:00:00,2026-03-24 17:00:00
2026-03-25,0900-1000,4576.45,4532.96,43.49,Sell,2026-03-25 22:05,29.58,,1,2026-03-25 22:55,1.06,0.21,0.62,0.826,1.168,0.826,0,,,Cancelled,Buy,Buy,,2026-03-25 16:00:00,2026-03-25 17:00:00
2026-03-26,0900-1000,4460.43,4420.24,40.19,Buy,2026-03-26 17:30,14.52,,1,2026-03-26 17:40,0.47,0.86,-1.46,-1.000,-1.000,-1.000,1,1.72,0.608,EOD,Sell,Sell,,2026-03-26 16:00:00,2026-03-26 17:00:00
2026-03-27,0900-1000,4458.36,4413.60,44.76,Buy,2026-03-27 17:10,1.69,,1,2026-03-27 17:15,2.17,0.30,0.90,2.667,2.667,2.667,0,,,Cancelled,Buy,Sell,,2026-03-27 16:00:00,2026-03-27 17:00:00
2026-03-30,0900-1000,4578.45,4516.87,61.58,Sell,2026-03-30 20:30,0.08,,1,2026-03-30 20:35,0.39,0.19,0.20,0.265,0.516,0.265,0,,,NeverTriggered,Buy,Buy,,2026-03-30 16:00:00,2026-03-30 17:00:00
2026-03-31,0900-1000,4625.33,4567.88,57.45,Buy,2026-03-31 19:35,7.69,,0,,1.08,0.18,0.74,,,0.993,0,,,Cancelled,Buy,Buy,,2026-03-31 16:00:00,2026-03-31 17:00:00
2026-04-01,0900-1000,4749.52,4716.45,33.07,Buy,2026-04-01 17:45,9.22,,0,,1.31,0.23,0.40,,,0.535,0,,,Cancelled,Buy,Buy,,2026-04-01 16:00:00,2026-04-01 17:00:00
2026-04-02,0900-1000,4651.33,4580.53,70.80,Buy,2026-04-02 17:15,9.01,,0,,0.68,0.12,0.27,,,0.366,0,,,NeverTriggered,Sell,Sell,,2026-04-02 16:00:00,2026-04-02 17:00:00
2026-04-06,0900-1000,4690.53,4659.96,30.57,Buy,2026-04-06 17:30,1.12,,1,2026-04-06 17:35,0.23,0.87,-1.31,-1.000,-1.000,-1.000,1,0.47,0.419,EOD,Buy,Buy,,2026-04-06 16:00:00,2026-04-06 17:00:00
2026-04-07,0900-1000,4663.25,4622.65,40.60,Sell,2026-04-07 17:05,9.81,,1,2026-04-07 17:10,0.38,0.81,-2.20,-1.000,-1.000,-1.000,1,1.36,1.601,EOD,Sell,Sell,,2026-04-07 16:00:00,2026-04-07 17:00:00
2026-04-08,0900-1000,4806.71,4768.00,38.71,Sell,2026-04-08 17:25,0.31,,1,2026-04-08 17:30,1.77,0.17,1.24,1.651,2.354,1.651,0,,,Cancelled,Buy,Buy,,2026-04-08 16:00:00,2026-04-08 17:00:00
2026-04-09,0900-1000,4777.11,4738.68,38.43,Buy,2026-04-09 18:15,6.24,,0,,0.63,0.42,-0.31,,,-0.417,0,,,NeverTriggered,Buy,Buy,,2026-04-09 16:00:00,2026-04-09 17:00:00
2026-04-10,0900-1000,4780.34,4765.19,15.15,Buy,2026-04-10 17:15,7.73,,1,2026-04-10 17:40,0.96,1.68,-1.97,-1.000,-1.000,-1.000,1,1.64,1.293,EOD,Buy,Buy,,2026-04-10 16:00:00,2026-04-10 17:00:00
2026-04-13,0900-1000,4744.41,4720.53,23.88,Sell,2026-04-13 17:15,2.17,,1,2026-04-13 17:20,0.86,0.83,-0.78,-1.000,-1.000,-1.000,1,-0.79,-1.000,Stop,Sell,Sell,,2026-04-13 16:00:00,2026-04-13 17:00:00
2026-04-14,0900-1000,4803.65,4771.06,32.59,Buy,2026-04-14 17:15,1.05,,1,2026-04-14 17:20,1.30,0.41,1.16,1.551,1.736,1.551,0,,,Cancelled,Buy,Buy,,2026-04-14 16:00:00,2026-04-14 17:00:00
2026-04-15,0900-1000,4830.21,4808.28,21.93,Sell,2026-04-15 18:20,3.20,,1,2026-04-15 19:10,0.98,0.21,0.85,1.132,1.225,1.132,0,,,NeverTriggered,Sell,Sell,,2026-04-15 16:00:00,2026-04-15 17:00:00
2026-04-16,0900-1000,4823.92,4780.64,43.28,None,,,,,,0.00,,,,,,,,,NeverTriggered,Sell,Buy,,2026-04-16 16:00:00,2026-04-16 17:00:00
2026-04-17,0900-1000,4889.75,4835.00,54.75,None,,,2026-04-17 23:45,,,0.00,,,,,,,,,NeverTriggered,Buy,Buy,,2026-04-17 16:00:00,2026-04-17 17:00:00
2026-04-20,0900-1000,4825.99,4799.77,26.22,Sell,2026-04-20 18:00,1.73,,1,2026-04-20 18:05,0.26,0.78,-0.67,-1.000,-1.000,-1.000,0,,,NeverTriggered,Buy,Buy,,2026-04-20 16:00:00,2026-04-20 17:00:00
2026-04-21,0900-1000,4794.31,4761.35,32.96,Sell,2026-04-21 17:40,16.09,,0,,2.82,0.06,1.46,,,2.667,0,,,Cancelled,Sell,Sell,,2026-04-21 16:00:00,2026-04-21 17:00:00
2026-04-22,0900-1000,4760.97,4736.48,24.49,Sell,2026-04-22 17:30,0.40,,1,2026-04-22 17:35,0.51,0.52,-0.09,-0.125,0.683,-0.125,0,,,NeverTriggered,Sell,Sell,,2026-04-22 16:00:00,2026-04-22 17:00:00
2026-04-23,0900-1000,4741.25,4717.21,24.04,Sell,2026-04-23 18:50,0.02,,1,2026-04-23 18:55,0.07,0.79,1.10,-1.000,-1.000,-1.000,0,,,Cancelled,Buy,Sell,,2026-04-23 16:00:00,2026-04-23 17:00:00
2026-04-24,0900-1000,4717.30,4689.82,27.48,Buy,2026-04-24 17:05,10.80,,0,,0.83,0.44,-0.37,,,-0.488,0,,,NeverTriggered,Buy,Buy,,2026-04-24 16:00:00,2026-04-24 17:00:00
2026-04-27,0900-1000,4703.36,4689.10,14.26,Sell,2026-04-27 17:05,0.26,,1,2026-04-27 17:10,1.54,0.53,0.64,0.854,2.050,0.854,0,,,Cancelled,Sell,Sell,,2026-04-27 16:00:00,2026-04-27 17:00:00
2026-04-28,0900-1000,4594.61,4565.55,29.06,Sell,2026-04-28 17:35,5.31,,1,2026-04-28 17:40,0.28,0.79,-0.95,-1.000,-1.000,-1.000,1,0.24,-0.063,EOD,Sell,Sell,,2026-04-28 16:00:00,2026-04-28 17:00:00
2026-04-29,0900-1000,4553.30,4510.19,43.11,Buy,2026-04-29 19:00,8.50,,1,2026-04-29 19:30,0.27,0.76,-0.26,-1.000,-1.000,-1.000,0,,,NeverTriggered,Sell,Sell,,2026-04-29 16:00:00,2026-04-29 17:00:00
2026-04-30,0900-1000,4645.90,4609.46,36.44,Sell,2026-04-30 19:15,1.73,,1,2026-04-30 19:20,0.11,0.49,-0.25,-0.334,0.151,-0.334,0,,,NeverTriggered,Buy,Buy,,2026-04-30 16:00:00,2026-04-30 17:00:00
2026-05-01,0900-1000,4641.89,4586.61,55.28,Buy,2026-05-01 17:10,14.21,,1,2026-05-01 17:30,0.33,0.63,-0.52,-0.689,0.197,-0.689,0,,,NeverTriggered,Sell,Sell,,2026-05-01 16:00:00,2026-05-01 17:00:00
2026-05-04,0900-1000,4575.56,4555.77,19.79,Sell,2026-05-04 17:05,0.56,,1,2026-05-04 17:10,0.11,0.91,1.74,-1.000,-1.000,-1.000,1,-0.79,-1.000,Stop,Sell,Sell,,2026-05-04 16:00:00,2026-05-04 17:00:00
2026-05-05,0900-1000,4585.04,4564.38,20.66,Sell,2026-05-05 19:05,0.06,,1,2026-05-05 19:10,0.62,0.17,0.40,0.534,0.824,0.534,0,,,NeverTriggered,Buy,Buy,,2026-05-05 16:00:00,2026-05-05 17:00:00
2026-05-06,0900-1000,4710.20,4668.77,41.43,Buy,2026-05-06 17:40,2.90,,1,2026-05-06 17:45,0.11,0.75,-0.50,-1.000,-1.000,-1.000,0,,,NeverTriggered,Buy,Buy,,2026-05-06 16:00:00,2026-05-06 17:00:00
2026-05-07,0900-1000,4758.14,4731.10,27.04,Buy,2026-05-07 17:45,0.13,,1,2026-05-07 17:50,0.24,0.80,-2.06,-1.000,-1.000,-1.000,1,1.61,1.414,EOD,Buy,Buy,,2026-05-07 16:00:00,2026-05-07 17:00:00
2026-05-08,0900-1000,4749.38,4716.77,32.61,Sell,2026-05-08 17:55,0.72,,1,2026-05-08 18:00,0.45,0.38,0.05,0.066,0.600,0.066,0,,,NeverTriggered,Buy,Buy,,2026-05-08 16:00:00,2026-05-08 17:00:00
2026-05-11,0900-1000,4748.69,4698.75,49.94,None,,,,,,0.00,,,,,,,,,NeverTriggered,Buy,Sell,,2026-05-11 16:00:00,2026-05-11 17:00:00
2026-05-12,0900-1000,4708.92,4676.39,32.53,Sell,2026-05-12 18:10,11.97,,0,,1.16,0.80,-1.20,,,-1.000,0,,,Cancelled,Sell,Sell,,2026-05-12 16:00:00,2026-05-12 17:00:00
2026-05-13,0900-1000,4694.66,4669.50,25.16,Buy,2026-05-13 18:35,4.15,,1,2026-05-13 18:55,0.60,0.68,-0.23,-0.304,0.806,-0.304,0,,,NeverTriggered,Sell,Sell,,2026-05-13 16:00:00,2026-05-13 17:00:00
2026-05-14,0900-1000,4707.74,4666.50,41.24,Sell,2026-05-14 22:25,3.01,,0,,0.54,0.06,0.39,,,0.521,0,,,NeverTriggered,Buy,Buy,,2026-05-14 16:00:00,2026-05-14 17:00:00
2026-05-15,0900-1000,4557.58,4511.82,45.76,Buy,2026-05-15 17:15,1.02,,1,2026-05-15 17:20,0.19,0.62,-0.43,-0.567,0.259,-0.567,0,,,NeverTriggered,Sell,Sell,,2026-05-15 16:00:00,2026-05-15 17:00:00
2026-05-18,0900-1000,4584.25,4562.07,22.18,Sell,2026-05-18 17:20,2.67,,1,2026-05-18 17:25,1.37,0.23,-0.08,-0.108,1.829,-0.108,0,,,Cancelled,Buy,Buy,,2026-05-18 16:00:00,2026-05-18 17:00:00
2026-05-19,0900-1000,4537.42,4464.87,72.55,None,,,,,,0.00,,,,,,,,,NeverTriggered,Sell,Sell,,2026-05-19 16:00:00,2026-05-19 17:00:00
2026-05-20,0900-1000,4506.22,4480.94,25.28,Sell,2026-05-20 17:05,4.83,,1,2026-05-20 17:15,0.55,0.90,-2.46,-1.000,-1.000,-1.000,1,1.85,1.940,EOD,Buy,Buy,,2026-05-20 16:00:00,2026-05-20 17:00:00
2026-05-21,0900-1000,4521.04,4488.50,32.54,Buy,2026-05-21 20:10,5.09,,0,,1.18,0.09,0.60,,,0.802,0,,,Cancelled,Sell,Sell,,2026-05-21 16:00:00,2026-05-21 17:00:00
2026-05-22,0900-1000,4534.43,4503.06,31.37,Sell,2026-05-22 17:10,6.31,,1,2026-05-22 17:35,0.35,0.76,-0.12,-1.000,-1.000,-1.000,0,,,NeverTriggered,Buy,Sell,,2026-05-22 16:00:00,2026-05-22 17:00:00
2026-05-25,0900-1000,4571.26,4560.09,11.17,Buy,2026-05-25 18:20,1.78,,1,2026-05-25 18:30,0.59,0.41,0.01,0.017,0.788,0.017,0,,,NeverTriggered,Buy,Buy,,2026-05-25 16:00:00,2026-05-25 17:00:00
2026-05-26,0900-1000,4531.50,4511.05,20.45,Sell,2026-05-26 18:20,5.03,,0,,1.39,0.01,0.22,,,0.289,0,,,Cancelled,Sell,Sell,,2026-05-26 16:00:00,2026-05-26 17:00:00
2026-05-27,0900-1000,4439.11,4401.44,37.67,Buy,2026-05-27 17:05,5.25,,1,2026-05-27 17:30,0.52,0.29,0.40,0.539,0.697,0.539,0,,,NeverTriggered,Sell,Sell,,2026-05-27 16:00:00,2026-05-27 17:00:00
2026-05-28,0900-1000,4439.06,4418.04,21.02,Buy,2026-05-28 17:10,24.77,,0,,3.68,0.32,2.71,,,2.667,0,,,Cancelled,Buy,Sell,,2026-05-28 16:00:00,2026-05-28 17:00:00
2026-05-29,0900-1000,4549.29,4517.16,32.13,Buy,2026-05-29 17:50,7.71,,0,,1.43,0.30,-0.23,,,-0.308,0,,,Cancelled,Buy,Buy,,2026-05-29 16:00:00,2026-05-29 17:00:00
2026-06-01,0900-1000,4503.90,4447.00,56.90,None,,,,,,0.00,,,,,,,,,NeverTriggered,Sell,Sell,,2026-06-01 16:00:00,2026-06-01 17:00:00
2026-06-02,0900-1000,4524.86,4497.15,27.71,Sell,2026-06-02 17:15,1.15,,1,2026-06-02 17:20,0.67,0.41,0.30,0.402,0.898,0.402,0,,,NeverTriggered,Buy,Buy,,2026-06-02 16:00:00,2026-06-02 17:00:00
2026-06-03,0900-1000,4466.04,4426.43,39.61,None,,,,,,0.00,,,,,,,,,NeverTriggered,Sell,Sell,,2026-06-03 16:00:00,2026-06-03 17:00:00
2026-06-04,0900-1000,4515.40,4494.59,20.81,Sell,2026-06-04 17:35,14.32,,0,,1.79,0.00,0.95,,,1.268,0,,,Cancelled,Buy,Buy,,2026-06-04 16:00:00,2026-06-04 17:00:00
2026-06-05,0900-1000,4421.07,4363.90,57.17,Sell,2026-06-05 17:20,6.28,,1,2026-06-05 17:30,0.91,0.15,0.64,0.848,1.215,0.848,0,,,NeverTriggered,Sell,Sell,,2026-06-05 16:00:00,2026-06-05 17:00:00
2026-06-08,0900-1000,4346.70,4321.34,25.36,None,,,,,,0.00,,,,,,,,,NeverTriggered,Buy,Sell,,2026-06-08 16:00:00,2026-06-08 17:00:00
2026-06-09,0900-1000,4363.33,4325.13,38.20,Sell,2026-06-09 17:10,3.98,,0,,2.32,0.10,1.66,,,2.667,0,,,Cancelled,Buy,Buy,,2026-06-09 16:00:00,2026-06-09 17:00:00
2026-06-10,0900-1000,4186.24,4132.99,53.25,Sell,2026-06-10 17:55,8.12,,1,2026-06-10 18:00,1.23,0.10,1.22,1.630,1.639,1.630,0,,,Cancelled,Sell,Sell,,2026-06-10 16:00:00,2026-06-10 17:00:00
2026-06-11,0900-1000,4092.52,4067.18,25.34,Sell,2026-06-11 17:05,4.60,,1,2026-06-11 17:20,0.56,0.76,-5.68,-1.000,-1.000,-1.000,1,-0.81,-1.000,Stop,Sell,Sell,,2026-06-11 16:00:00,2026-06-11 17:00:00
2026-06-12,0900-1000,4210.22,4182.86,27.36,Buy,2026-06-12 18:10,3.85,,1,2026-06-12 18:45,0.93,0.31,0.17,0.229,1.227,0.229,0,,,NeverTriggered,Buy,Buy,,2026-06-12 16:00:00,2026-06-12 17:00:00
2026-06-15,0900-1000,4368.73,4341.26,27.47,Sell,2026-06-15 19:20,1.17,,1,2026-06-15 19:25,1.20,0.19,1.14,1.513,1.599,1.513,0,,,Cancelled,Buy,Buy,,2026-06-15 16:00:00,2026-06-15 17:00:00
2026-06-16,0900-1000,4354.83,4331.51,23.32,Sell,2026-06-16 17:15,8.33,,0,,0.78,0.66,-0.02,,,-0.023,0,,,NeverTriggered,Buy,Buy,,2026-06-16 16:00:00,2026-06-16 17:00:00
2026-06-17,0900-1000,4345.25,4324.00,21.25,Buy,2026-06-17 17:20,13.01,,1,2026-06-17 17:45,1.74,1.36,-4.08,-1.000,-1.000,-1.000,0,,,Cancelled,Buy,Sell,,2026-06-17 16:00:00,2026-06-17 17:00:00
2026-06-18,0900-1000,4276.65,4238.98,37.67,Sell,2026-06-18 18:25,3.37,,0,,1.00,0.09,0.76,,,1.019,0,,,NeverTriggered,Sell,Sell,,2026-06-18 16:00:00,2026-06-18 17:00:00
2026-06-19,0900-1000,4183.00,4148.06,34.94,Sell,2026-06-19 17:30,1.70,,1,2026-06-19 17:35,0.15,0.36,-0.32,-0.432,0.205,-0.432,0,,,NeverTriggered,Sell,Sell,,2026-06-19 16:00:00,2026-06-19 17:00:00
2026-06-22,0900-1000,4205.71,4183.00,22.71,Buy,2026-06-22 17:05,0.68,,1,2026-06-22 17:10,0.22,0.79,-0.64,-1.000,-1.000,-1.000,1,0.58,-0.484,EOD,Buy,Buy,,2026-06-22 16:00:00,2026-06-22 17:00:00
2026-06-23,0900-1000,4140.61,4105.39,35.22,Buy,2026-06-23 19:30,0.01,,1,2026-06-23 19:35,0.09,0.79,-0.86,-1.000,-1.000,-1.000,0,,,NeverTriggered,Sell,Sell,,2026-06-23 16:00:00,2026-06-23 17:00:00
2026-06-24,0900-1000,4041.95,3964.35,77.60,None,,,,,,0.00,,,,,,,,,NeverTriggered,Sell,Sell,,2026-06-24 16:00:00,2026-06-24 17:00:00
2026-06-25,0900-1000,4033.97,3999.03,34.94,Buy,2026-06-25 18:20,3.86,,1,2026-06-25 18:25,0.29,0.61,-0.26,-0.350,0.388,-0.350,0,,,NeverTriggered,Buy,Sell,,2026-06-25 16:00:00,2026-06-25 17:00:00
2026-06-26,0900-1000,4079.36,4043.40,35.96,Buy,2026-06-26 17:15,9.29,,1,2026-06-26 17:35,0.46,0.41,-0.10,-0.133,0.615,-0.133,0,,,NeverTriggered,Buy,Buy,,2026-06-26 16:00:00,2026-06-26 17:00:00
2026-06-29,0900-1000,4051.74,4022.51,29.23,Sell,2026-06-29 17:05,6.95,,1,2026-06-29 17:25,0.76,0.33,0.27,0.360,0.782,0.360,0,,,NeverTriggered,Sell,Sell,,2026-06-29 16:00:00,2026-06-29 17:00:00
2026-06-30,0900-1000,4033.34,4009.42,23.92,Buy,2026-06-30 17:05,9.75,,0,,1.25,0.78,-0.94,,,-1.000,0,,,Cancelled,Sell,Buy,,2026-06-30 16:00:00,2026-06-30 17:00:00
2026-07-01,0900-1000,4107.86,4012.87,94.99,Buy,2026-07-01 17:30,3.14,,1,2026-07-01 17:35,0.08,0.77,-0.79,-1.000,-1.000,-1.000,0,,,NeverTriggered,Buy,Buy,,2026-07-01 16:00:00,2026-07-01 17:00:00
2026-07-02,0900-1000,4143.90,4109.38,34.52,Sell,2026-07-02 19:30,6.27,,1,2026-07-02 19:35,0.26,0.51,-0.30,-0.399,0.347,-0.399,0,,,NeverTriggered,Buy,Buy,,2026-07-02 16:00:00,2026-07-02 17:00:00
2026-07-03,0900-1000,4179.38,4163.12,16.26,Sell,2026-07-03 17:05,4.10,,1,2026-07-03 17:10,0.48,0.78,-0.72,-1.000,-1.000,-1.000,0,,,NeverTriggered,Buy,Buy,,2026-07-03 16:00:00,2026-07-03 17:00:00
2026-07-06,0900-1000,4150.46,4137.09,13.37,Sell,2026-07-06 17:15,0.73,,1,2026-07-06 17:20,0.64,1.03,-1.97,-1.000,-1.000,-1.000,1,-0.75,-1.000,Stop,Sell,Sell,,2026-07-06 16:00:00,2026-07-06 17:00:00
2026-07-07,0900-1000,4180.36,4153.17,27.19,Sell,2026-07-07 17:10,0.80,,1,2026-07-07 17:15,2.24,0.24,1.76,2.667,2.667,2.667,0,,,Cancelled,Buy,Buy,,2026-07-07 16:00:00,2026-07-07 17:00:00
2026-07-08,0900-1000,4082.96,4064.00,18.96,Sell,2026-07-08 17:10,6.48,,1,2026-07-08 17:25,2.23,1.45,-0.59,2.667,2.667,2.667,0,,,Cancelled,Sell,Sell,,2026-07-08 16:00:00,2026-07-08 17:00:00
2026-07-09,0900-1000,4134.89,4106.75,28.14,Buy,2026-07-09 20:45,1.31,,1,2026-07-09 20:55,0.11,0.57,-0.40,-0.529,0.090,-0.529,0,,,NeverTriggered,Buy,Buy,,2026-07-09 16:00:00,2026-07-09 17:00:00
2026-07-10,0900-1000,4106.69,4085.56,21.13,Buy,2026-07-10 17:45,0.67,,1,2026-07-10 17:50,0.41,0.73,0.33,0.440,0.552,0.440,0,,,NeverTriggered,Sell,Sell,,2026-07-10 16:00:00,2026-07-10 17:00:00
2026-07-13,0900-1000,4067.63,4037.86,29.77,Sell,2026-07-13 17:30,27.35,,0,,1.73,0.00,1.30,,,1.734,0,,,Cancelled,Sell,Sell,,2026-07-13 16:00:00,2026-07-13 17:00:00
2026-07-14,0900-1000,4088.57,4070.98,17.59,Sell,2026-07-14 18:50,3.92,,0,,1.60,0.07,1.19,,,1.581,0,,,Cancelled,Buy,Buy,,2026-07-14 16:00:00,2026-07-14 17:00:00
2026-07-15,0900-1000,4074.16,4054.09,20.07,Sell,2026-07-15 18:10,10.09,,0,,1.36,0.80,-0.36,,,-1.000,0,,,Cancelled,Buy,Buy,,2026-07-15 16:00:00,2026-07-15 17:00:00
2026-07-16,0900-1000,4008.38,3973.83,34.55,None,,,2026-07-16 23:15,,,0.00,,,,,,,,,NeverTriggered,Sell,Sell,,2026-07-16 16:00:00,2026-07-16 17:00:00
2026-07-17,0900-1000,4003.59,3959.67,43.92,Buy,2026-07-17 18:00,8.69,,1,2026-07-17 18:05,0.46,0.13,0.28,0.374,0.611,0.374,0,,,NeverTriggered,Sell,Sell,,2026-07-17 16:00:00,2026-07-17 17:00:00
2026-07-20,0900-1000,4017.39,4001.21,16.18,Sell,2026-07-20 17:05,0.31,,1,2026-07-20 17:10,0.19,0.76,-0.43,-1.000,-1.000,-1.000,1,-0.99,-1.000,Stop,Sell,Buy,,2026-07-20 16:00:00,2026-07-20 17:00:00
2026-07-21,0900-1000,4061.77,4044.59,17.18,Buy,2026-07-21 17:10,4.21,,1,2026-07-21 17:15,1.47,0.40,0.97,1.287,1.960,1.287,0,,,Cancelled,Buy,Buy,,2026-07-21 16:00:00,2026-07-21 17:00:00
2026-07-22,0900-1000,4163.35,4112.72,50.63,Buy,2026-07-22 18:45,1.08,,1,2026-07-22 18:50,0.05,0.69,-0.66,-0.878,0.071,-0.878,0,,,NeverTriggered,Buy,Buy,,2026-07-22 16:00:00,2026-07-22 17:00:00
2026-07-23,0900-1000,4067.38,4040.65,26.73,None,,,,,,0.00,,,,,,,,,NeverTriggered,Sell,Sell,,2026-07-23 16:00:00,2026-07-23 17:00:00
2026-07-24,0900-1000,4069.92,4044.72,25.20,Buy,2026-07-24 18:10,4.77,,0,,0.48,0.81,-0.62,,,-1.000,0,,,NeverTriggered,Buy,Buy,,2026-07-24 16:00:00,2026-07-24 17:00:00
2026-07-27,0900-1000,4089.56,4070.64,18.92,Sell,2026-07-27 17:25,2.34,,1,2026-07-27 17:35,0.28,0.75,-0.32,-1.000,-1.000,-1.000,1,-0.75,-1.000,Stop,Sell,Buy,,2026-07-27 16:00:00,2026-07-27 17:00:00
2026-07-28,0900-1000,4036.05,4020.31,15.74,Sell,2026-07-28 17:15,0.09,,1,2026-07-28 17:20,0.56,1.02,-0.45,-1.000,-1.000,-1.000,1,-0.76,-1.000,Stop,Sell,Sell,,2026-07-28 16:00:00,2026-07-28 17:00:00
2026-07-29,0900-1000,4026.37,4001.25,25.12,Sell,2026-07-29 17:05,1.65,,1,2026-07-29 17:10,0.21,0.97,-2.58,-1.000,-1.000,-1.000,1,3.58,2.667,TP,Sell,Sell,,2026-07-29 16:00:00,2026-07-29 17:00:00
2026-07-30,0900-1000,4120.07,4065.21,54.86,None,,,,,,0.00,,,,,,,,,NeverTriggered,Buy,Buy,,2026-07-30 16:00:00,2026-07-30 17:00:00
2026-07-31,0900-1000,4046.94,4022.04,24.90,Buy,2026-07-31 17:55,2.19,,1,2026-07-31 18:00,0.35,0.41,0.17,0.230,0.463,0.230,0,,,NeverTriggered,Sell,Sell,,2026-07-31 16:00:00,2026-07-31 17:00:00
2026-08-03,0900-1000,4053.50,4019.08,34.42,Buy,2026-08-03 22:35,0.61,,1,2026-08-03 22:40,0.14,0.10,0.08,0.105,0.182,0.105,0,,,NeverTriggered,Sell,Sell,,2026-08-03 16:00:00,2026-08-03 17:00:00
2026-08-04,0900-1000,4093.92,4061.29,32.63,Buy,2026-08-04 20:00,8.28,,1,2026-08-04 20:30,0.38,0.59,-0.52,-0.692,0.103,-0.692,0,,,NeverTriggered,Buy,Buy,,2026-08-04 16:00:00,2026-08-04 17:00:00
2026-08-05,0900-1000,4210.78,4183.82,26.96,Buy,2026-08-05 17:05,16.91,,0,,2.11,0.01,1.23,,,2.667,0,,,Cancelled,Buy,Buy,,2026-08-05 16:00:00,2026-08-05 17:00:00
2026-08-06,0900-1000,4274.13,4230.63,43.50,Sell,2026-08-06 19:15,3.62,,1,2026-08-06 19:30,0.17,0.47,-0.14,-0.182,0.015,-0.182,0,,,NeverTriggered,Sell,Buy,,2026-08-06 16:00:00,2026-08-06 17:00:00
2026-08-07,0900-1000,4367.90,4333.59,34.31,Sell,2026-08-07 19:55,4.38,,1,2026-08-07 20:00,0.17,0.49,-0.18,-0.245,0.223,-0.245,0,,,NeverTriggered,Buy,Buy,,2026-08-07 16:00:00,2026-08-07 17:00:00
2026-08-10,0900-1000,4339.96,4316.70,23.26,Buy,2026-08-10 17:25,5.51,,0,,2.37,0.07,2.10,,,2.667,0,,,Cancelled,Sell,Buy,,2026-08-10 16:00:00,2026-08-10 17:00:00
2026-08-11,0900-1000,4404.19,4381.24,22.95,Sell,2026-08-11 18:30,3.35,,1,2026-08-11 18:55,0.92,0.25,0.60,0.796,1.220,0.796,0,,,NeverTriggered,Buy,Buy,,2026-08-11 16:00:00,2026-08-11 17:00:00
2026-08-12,0900-1000,4441.35,4408.54,32.81,Sell,2026-08-12 19:45,5.88,,1,2026-08-12 20:20,0.37,0.30,0.01,0.011,0.488,0.011,0,,,NeverTriggered,Buy,Buy,,2026-08-12 16:00:00,2026-08-12 17:00:00
2026-08-13,0900-1000,4401.93,4370.08,31.85,Sell,2026-08-13 17:25,2.42,,1,2026-08-13 17:30,0.83,0.53,0.63,0.844,1.104,0.844,0,,,NeverTriggered,Buy,Sell,,2026-08-13 16:00:00,2026-08-13 17:00:00
2026-08-14,0900-1000,4397.01,4370.23,26.78,None,,,,,,0.00,,,,,,,,,NeverTriggered,Buy,Buy,,2026-08-14 16:00:00,2026-08-14 17:00:00
2026-08-17,0900-1000,4416.10,4381.89,34.21,Buy,2026-08-17 17:15,2.18,,1,2026-08-17 17:25,0.37,0.53,-0.01,-0.015,0.497,-0.015,0,,,NeverTriggered,Sell,Buy,,2026-08-17 16:00:00,2026-08-17 17:00:00
2026-08-18,0900-1000,4406.59,4375.18,31.41,Sell,2026-08-18 17:55,8.56,,1,2026-08-18 18:00,1.47,0.25,1.35,1.796,1.954,1.796,0,,,Cancelled,Sell,Sell,,2026-08-18 16:00:00,2026-08-18 17:00:00
2026-08-19,0900-1000,4466.30,4424.43,41.87,Buy,2026-08-19 17:05,5.61,,0,,1.37,0.14,1.30,,,1.740,0,,,Cancelled,Buy,Buy,,2026-08-19 16:00:00,2026-08-19 17:00:00
2026-08-20,0900-1000,4490.62,4469.34,21.28,Buy,2026-08-20 17:20,0.23,,1,2026-08-20 17:25,2.37,0.42,1.31,2.667,2.667,2.667,0,,,Cancelled,Sell,Buy,,2026-08-20 16:00:00,2026-08-20 17:00:00
2026-08-21,0900-1000,4592.88,4573.41,19.47,Buy,2026-08-21 17:20,4.80,,1,2026-08-21 17:30,2.02,0.63,0.68,2.667,2.667,2.667,0,,,Cancelled,Buy,Buy,,2026-08-21 16:00:00,2026-08-21 17:00:00
