Date,Window,BoxHigh,BoxLow,BoxSize,BreakDir,BreakTime,BreakDist,LateBreakTime,RetestWithin60,FillTime,MFE_Boxes,MAE_Boxes,EOD_Boxes,DayNet_R,DayNet_R_MarketEntry,Rev_Triggered,Rev_MFE,Rev_ExitR,Rev_Outcome,Bias_Daily,EMA_Slope,NewsDay,BoxStart_Server,BoxEnd_Server
2025-03-20,0900-1000,3040.70,3030.57,10.13,Buy,2025-03-20 17:50,0.78,,1,2025-03-20 17:55,0.53,0.67,0.40,0.530,0.530,0,,,NeverTriggered,Sell,Sell,,2025-03-20 16:00:00,2025-03-20 17:00:00
2025-03-21,0900-1000,3017.67,2999.35,18.32,None,,,2025-03-21 20:25,,,0.00,,,,,,,,NeverTriggered,Sell,Sell,,2025-03-21 16:00:00,2025-03-21 17:00:00
2025-03-24,0900-1000,3024.08,3007.76,16.32,None,,,2025-03-24 19:15,,,0.00,,,,,,,,NeverTriggered,Sell,Buy,,2025-03-24 16:00:00,2025-03-24 17:00:00
2025-03-25,0900-1000,3035.83,3024.52,11.31,Sell,2025-03-25 17:15,3.36,,1,2025-03-25 17:35,0.59,0.08,0.39,0.520,0.520,0,,,NeverTriggered,Buy,Buy,,2025-03-25 16:00:00,2025-03-25 17:00:00
2025-03-26,0900-1000,3021.54,3012.15,9.39,None,,,,,,0.00,,,,,,,,NeverTriggered,Sell,Buy,,2025-03-26 16:00:00,2025-03-26 17:00:00
2025-03-27,0900-1000,3059.53,3040.50,19.03,None,,,,,,0.00,,,,,,,,NeverTriggered,Buy,Buy,,2025-03-27 16:00:00,2025-03-27 17:00:00
2025-03-28,0900-1000,3086.78,3067.25,19.53,None,,,,,,0.00,,,,,,,,NeverTriggered,Buy,Buy,,2025-03-28 16:00:00,2025-03-28 17:00:00
2025-03-31,0900-1000,3124.84,3099.82,25.02,None,,,2025-03-31 18:10,,,0.00,,,,,,,,NeverTriggered,Buy,Buy,,2025-03-31 16:00:00,2025-03-31 17:00:00
2025-04-01,0900-1000,3136.96,3128.14,8.82,Sell,2025-04-01 17:10,2.53,,1,2025-04-01 17:15,2.22,0.61,1.20,2.667,2.667,0,,,Cancelled,Buy,Buy,,2025-04-01 16:00:00,2025-04-01 17:00:00
2025-04-02,0900-1000,3132.01,3116.71,15.30,None,,,2025-04-02 19:30,,,0.00,,,,,,,,NeverTriggered,Buy,Sell,,2025-04-02 16:00:00,2025-04-02 17:00:00
2025-04-03,0900-1000,3100.87,3058.72,42.15,Buy,2025-04-03 17:05,5.01,,0,,0.82,0.12,0.37,,0.493,0,,,NeverTriggered,Sell,Sell,,2025-04-03 16:00:00,2025-04-03 17:00:00
2025-04-04,0900-1000,3087.48,3053.37,34.11,Sell,2025-04-04 17:05,3.19,,1,2025-04-04 17:10,1.11,0.15,0.45,0.598,0.598,0,,,Cancelled,Sell,Sell,,2025-04-04 16:00:00,2025-04-04 17:00:00
2025-04-07,0900-1000,3034.09,3002.13,31.96,Sell,2025-04-07 17:35,3.95,,1,2025-04-07 17:40,1.42,0.22,0.56,0.750,0.750,0,,,Cancelled,Sell,Sell,,2025-04-07 16:00:00,2025-04-07 17:00:00
2025-04-08,0900-1000,3022.77,3002.62,20.15,None,,,2025-04-08 18:55,,,0.00,,,,,,,,NeverTriggered,Sell,Buy,,2025-04-08 16:00:00,2025-04-08 17:00:00
2025-04-09,0900-1000,3077.92,3047.19,30.73,Buy,2025-04-09 17:15,3.37,,1,2025-04-09 17:30,0.69,0.87,0.06,-1.000,-1.000,0,,,NeverTriggered,Buy,Buy,,2025-04-09 16:00:00,2025-04-09 17:00:00
2025-04-10,0900-1000,3136.53,3115.99,20.54,Buy,2025-04-10 17:05,5.52,,0,,1.95,0.09,1.76,,2.345,0,,,Cancelled,Buy,Buy,,2025-04-10 16:00:00,2025-04-10 17:00:00
2025-04-11,0900-1000,3244.20,3219.48,24.72,None,,,,,,0.00,,,,,,,,NeverTriggered,Buy,Buy,,2025-04-11 16:00:00,2025-04-11 17:00:00
2025-04-14,0900-1000,3210.74,3193.51,17.23,Buy,2025-04-14 17:45,3.25,,1,2025-04-14 17:55,0.30,0.77,0.04,-1.000,-1.000,0,,,NeverTriggered,Sell,Sell,,2025-04-14 16:00:00,2025-04-14 17:00:00
2025-04-15,0900-1000,3226.13,3211.45,14.68,None,,,2025-04-15 20:35,,,0.00,,,,,,,,NeverTriggered,Buy,Sell,,2025-04-15 16:00:00,2025-04-15 17:00:00
2025-04-16,0900-1000,3319.28,3296.81,22.47,None,,,2025-04-16 18:40,,,0.00,,,,,,,,NeverTriggered,Buy,Buy,,2025-04-16 16:00:00,2025-04-16 17:00:00
2025-04-17,0900-1000,3332.05,3304.89,27.16,Sell,2025-04-17 17:25,1.04,,1,2025-04-17 18:15,0.78,0.79,-0.86,-1.000,-1.000,0,,,NeverTriggered,Buy,Buy,,2025-04-17 16:00:00,2025-04-17 17:00:00
2025-04-21,0900-1000,3426.94,3405.45,21.49,Buy,2025-04-21 17:05,2.37,,1,2025-04-21 17:10,0.15,0.84,-0.10,-1.000,-1.000,0,,,NeverTriggered,Buy,Buy,,2025-04-21 16:00:00,2025-04-21 17:00:00
2025-04-22,0900-1000,3449.85,3408.39,41.46,None,,,2025-04-22 19:15,,,0.00,,,,,,,,NeverTriggered,Sell,Buy,,2025-04-22 16:00:00,2025-04-22 17:00:00
2025-04-23,0900-1000,3313.83,3261.68,52.15,None,,,,,,0.00,,,,,,,,NeverTriggered,Sell,Sell,,2025-04-23 16:00:00,2025-04-23 17:00:00
2025-04-24,0900-1000,3336.33,3310.92,25.41,Sell,2025-04-24 17:15,1.10,,1,2025-04-24 17:20,0.09,0.78,-1.46,-1.000,-1.000,1,0.47,0.608,EOD,Buy,Buy,,2025-04-24 16:00:00,2025-04-24 17:00:00
2025-04-25,0900-1000,3293.10,3265.22,27.88,None,,,2025-04-25 20:35,,,0.00,,,,,,,,NeverTriggered,Sell,Sell,,2025-04-25 16:00:00,2025-04-25 17:00:00
2025-04-28,0900-1000,3301.15,3286.73,14.42,Buy,2025-04-28 17:15,5.95,,0,,2.05,0.16,2.93,,2.667,0,,,Cancelled,Buy,Buy,,2025-04-28 16:00:00,2025-04-28 17:00:00
2025-04-29,0900-1000,3321.25,3299.76,21.49,None,,,2025-04-29 19:35,,,0.00,,,,,,,,NeverTriggered,Sell,Sell,,2025-04-29 16:00:00,2025-04-29 17:00:00
2025-04-30,0900-1000,3319.82,3296.31,23.51,Sell,2025-04-30 17:30,1.09,,1,2025-04-30 17:35,0.15,0.78,0.25,-1.000,-1.000,0,,,NeverTriggered,Sell,Sell,,2025-04-30 16:00:00,2025-04-30 17:00:00
2025-05-01,0900-1000,3233.19,3214.60,18.59,None,,,2025-05-01 18:30,,,0.00,,,,,,,,NeverTriggered,Sell,Sell,,2025-05-01 16:00:00,2025-05-01 17:00:00
2025-05-02,0900-1000,3259.75,3239.33,20.42,Buy,2025-05-02 17:50,0.91,,1,2025-05-02 18:05,0.24,0.85,-1.02,-1.000,-1.000,1,0.82,0.031,EOD,Buy,Buy,,2025-05-02 16:00:00,2025-05-02 17:00:00
2025-05-05,0900-1000,3321.08,3309.77,11.31,None,,,2025-05-05 19:05,,,0.00,,,,,,,,NeverTriggered,Buy,Buy,,2025-05-05 16:00:00,2025-05-05 17:00:00
2025-05-06,0900-1000,3397.71,3387.72,9.99,Sell,2025-05-06 17:25,3.45,,1,2025-05-06 17:35,0.94,0.76,-4.29,-1.000,-1.000,1,2.02,2.667,TP,Buy,Buy,,2025-05-06 16:00:00,2025-05-06 17:00:00
2025-05-07,0900-1000,3398.16,3381.50,16.66,Sell,2025-05-07 17:15,0.63,,1,2025-05-07 17:20,0.35,0.98,0.87,-1.000,-1.000,0,,,Cancelled,Buy,Buy,,2025-05-07 16:00:00,2025-05-07 17:00:00
2025-05-08,0900-1000,3369.45,3351.52,17.93,None,,,2025-05-08 18:40,,,0.00,,,,,,,,NeverTriggered,Sell,Sell,,2025-05-08 16:00:00,2025-05-08 17:00:00
2025-05-09,0900-1000,3340.41,3323.14,17.27,Sell,2025-05-09 17:10,1.38,,1,2025-05-09 17:15,0.17,0.93,-0.31,-1.000,-1.000,1,-0.76,-1.000,Stop,Buy,Buy,,2025-05-09 16:00:00,2025-05-09 17:00:00
2025-05-12,0900-1000,3248.48,3231.89,16.59,None,,,2025-05-12 19:10,,,0.00,,,,,,,,NeverTriggered,Sell,Sell,,2025-05-12 16:00:00,2025-05-12 17:00:00
2025-05-13,0900-1000,3246.73,3225.42,21.31,Buy,2025-05-13 17:40,0.86,,1,2025-05-13 17:45,0.52,0.24,0.22,0.289,0.289,0,,,NeverTriggered,Sell,Sell,,2025-05-13 16:00:00,2025-05-13 17:00:00
2025-05-14,0900-1000,3198.23,3175.07,23.16,None,,,2025-05-14 21:50,,,0.00,,,,,,,,NeverTriggered,Sell,Sell,,2025-05-14 16:00:00,2025-05-14 17:00:00
2025-05-15,0900-1000,3199.85,3185.19,14.66,Buy,2025-05-15 17:10,3.11,,1,2025-05-15 17:35,2.01,0.13,2.56,2.667,2.667,0,,,Cancelled,Buy,Buy,,2025-05-15 16:00:00,2025-05-15 17:00:00
2025-05-16,0900-1000,3186.61,3169.46,17.15,None,,,2025-05-16 19:45,,,0.00,,,,,,,,NeverTriggered,Sell,Sell,,2025-05-16 16:00:00,2025-05-16 17:00:00
2025-05-19,0900-1000,3241.62,3221.45,20.17,Sell,2025-05-19 17:05,3.28,,1,2025-05-19 17:10,0.21,0.91,-0.47,-1.000,-1.000,0,,,NeverTriggered,Buy,Buy,,2025-05-19 16:00:00,2025-05-19 17:00:00
2025-05-20,0900-1000,3271.23,3233.20,38.03,Buy,2025-05-20 17:05,4.68,,0,,0.64,0.02,0.50,,0.668,0,,,NeverTriggered,Buy,Buy,,2025-05-20 16:00:00,2025-05-20 17:00:00
2025-05-21,0900-1000,3309.54,3295.26,14.28,None,,,2025-05-21 18:10,,,0.00,,,,,,,,NeverTriggered,Buy,Buy,,2025-05-21 16:00:00,2025-05-21 17:00:00
2025-05-22,0900-1000,3315.84,3279.69,36.15,None,,,,,,0.00,,,,,,,,NeverTriggered,Sell,Sell,,2025-05-22 16:00:00,2025-05-22 17:00:00
2025-05-23,0900-1000,3364.57,3336.60,27.97,None,,,2025-05-23 20:25,,,0.00,,,,,,,,NeverTriggered,Buy,Buy,,2025-05-23 16:00:00,2025-05-23 17:00:00
2025-05-26,0900-1000,3340.74,3331.29,9.45,None,,,2025-05-26 19:30,,,0.00,,,,,,,,NeverTriggered,Sell,Sell,,2025-05-26 16:00:00,2025-05-26 17:00:00
2025-05-27,0900-1000,3304.93,3285.33,19.60,None,,,2025-05-27 22:30,,,0.00,,,,,,,,NeverTriggered,Sell,Sell,,2025-05-27 16:00:00,2025-05-27 17:00:00
2025-05-28,0900-1000,3316.45,3297.28,19.17,None,,,2025-05-28 18:25,,,0.00,,,,,,,,NeverTriggered,Buy,Buy,,2025-05-28 16:00:00,2025-05-28 17:00:00
2025-05-29,0900-1000,3321.88,3309.72,12.16,Sell,2025-05-29 17:35,0.75,,1,2025-05-29 17:45,0.41,0.80,-0.67,-1.000,-1.000,1,0.77,-0.435,EOD,Buy,Buy,,2025-05-29 16:00:00,2025-05-29 17:00:00
2025-05-30,0900-1000,3308.44,3271.70,36.74,None,,,,,,0.00,,,,,,,,NeverTriggered,Buy,Sell,,2025-05-30 16:00:00,2025-05-30 17:00:00
2025-06-02,0900-1000,3376.44,3350.34,26.10,Buy,2025-06-02 17:15,1.24,,1,2025-06-02 17:20,0.25,0.27,0.21,0.285,0.285,0,,,NeverTriggered,Buy,Buy,,2025-06-02 16:00:00,2025-06-02 17:00:00
2025-06-03,0900-1000,3362.99,3334.78,28.21,None,,,,,,0.00,,,,,,,,NeverTriggered,Sell,Sell,,2025-06-03 16:00:00,2025-06-03 17:00:00
2025-06-04,0900-1000,3362.92,3350.65,12.27,Buy,2025-06-04 17:05,1.36,,0,,1.79,0.56,0.85,,1.136,0,,,Cancelled,Buy,Sell,,2025-06-04 16:00:00,2025-06-04 17:00:00
2025-06-05,0900-1000,3388.33,3371.05,17.28,Sell,2025-06-05 17:45,3.65,,1,2025-06-05 17:50,1.83,0.24,1.07,1.427,1.427,0,,,Cancelled,Buy,Buy,,2025-06-05 16:00:00,2025-06-05 17:00:00
2025-06-06,0900-1000,3360.78,3336.83,23.95,Sell,2025-06-06 17:10,2.85,,0,,1.24,0.22,1.06,,1.414,0,,,Cancelled,Sell,Sell,,2025-06-06 16:00:00,2025-06-06 17:00:00
2025-06-09,0900-1000,3321.53,3310.61,10.92,Buy,2025-06-09 17:10,4.11,,1,2025-06-09 17:20,1.53,0.51,0.47,0.626,0.626,0,,,Cancelled,Sell,Sell,,2025-06-09 16:00:00,2025-06-09 17:00:00
2025-06-10,0900-1000,3349.28,3335.66,13.62,Sell,2025-06-10 17:05,0.28,,1,2025-06-10 17:10,1.21,0.41,0.91,1.220,1.220,0,,,Cancelled,Buy,Buy,,2025-06-10 16:00:00,2025-06-10 17:00:00
2025-06-11,0900-1000,3344.59,3327.87,16.72,None,,,2025-06-11 20:05,,,0.00,,,,,,,,NeverTriggered,Buy,Sell,,2025-06-11 16:00:00,2025-06-11 17:00:00
2025-06-12,0900-1000,3399.18,3379.41,19.77,None,,,2025-06-12 20:20,,,0.00,,,,,,,,NeverTriggered,Buy,Buy,,2025-06-12 16:00:00,2025-06-12 17:00:00
2025-06-13,0900-1000,3446.99,3430.25,16.74,Sell,2025-06-13 17:10,0.98,,1,2025-06-13 17:15,0.67,0.57,-0.16,-0.217,-0.217,0,,,NeverTriggered,Buy,Buy,,2025-06-13 16:00:00,2025-06-13 17:00:00
2025-06-16,0900-1000,3417.91,3382.68,35.23,None,,,,,,0.00,,,,,,,,NeverTriggered,Sell,Sell,,2025-06-16 16:00:00,2025-06-16 17:00:00
2025-06-17,0900-1000,3397.24,3385.64,11.60,Sell,2025-06-17 17:30,9.85,,1,2025-06-17 17:55,1.69,0.57,-0.36,-0.474,-0.474,0,,,Cancelled,Sell,Sell,,2025-06-17 16:00:00,2025-06-17 17:00:00
2025-06-18,0900-1000,3396.74,3385.72,11.02,Sell,2025-06-18 17:15,4.06,,1,2025-06-18 17:30,1.07,0.80,1.69,-1.000,-1.000,0,,,Cancelled,Buy,Sell,,2025-06-18 16:00:00,2025-06-18 17:00:00
2025-06-19,0900-1000,3372.93,3361.62,11.31,None,,,2025-06-19 20:10,,,0.00,,,,,,,,NeverTriggered,Sell,Sell,,2025-06-19 16:00:00,2025-06-19 17:00:00
2025-06-20,0900-1000,3373.58,3342.96,30.62,None,,,,,,0.00,,,,,,,,NeverTriggered,Sell,Sell,,2025-06-20 16:00:00,2025-06-20 17:00:00
2025-06-23,0900-1000,3387.62,3360.01,27.61,None,,,2025-06-23 18:45,,,0.00,,,,,,,,NeverTriggered,Sell,Buy,,2025-06-23 16:00:00,2025-06-23 17:00:00
2025-06-24,0900-1000,3317.90,3295.57,22.33,None,,,2025-06-24 19:50,,,0.00,,,,,,,,NeverTriggered,Sell,Sell,,2025-06-24 16:00:00,2025-06-24 17:00:00
2025-06-25,0900-1000,3321.69,3311.85,9.84,Buy,2025-06-25 17:25,0.27,,1,2025-06-25 17:30,1.45,0.27,1.06,1.413,1.413,0,,,Cancelled,Sell,Sell,,2025-06-25 16:00:00,2025-06-25 17:00:00
2025-06-26,0900-1000,3328.45,3310.13,18.32,None,,,2025-06-26 19:20,,,0.00,,,,,,,,NeverTriggered,Sell,Sell,,2025-06-26 16:00:00,2025-06-26 17:00:00
2025-06-27,0900-1000,3275.27,3255.80,19.47,None,,,2025-06-27 18:40,,,0.00,,,,,,,,NeverTriggered,Sell,Sell,,2025-06-27 16:00:00,2025-06-27 17:00:00
2025-06-30,0900-1000,3288.43,3277.98,10.45,Buy,2025-06-30 17:30,0.08,,1,2025-06-30 17:35,2.01,0.46,1.39,2.667,2.667,0,,,Cancelled,Sell,Sell,,2025-06-30 16:00:00,2025-06-30 17:00:00
2025-07-01,0900-1000,3355.54,3344.49,11.05,Sell,2025-07-01 17:50,0.53,,1,2025-07-01 17:55,0.69,0.26,0.45,0.598,0.598,0,,,NeverTriggered,Buy,Buy,,2025-07-01 16:00:00,2025-07-01 17:00:00
2025-07-02,0900-1000,3346.61,3334.94,11.67,None,,,2025-07-02 19:05,,,0.00,,,,,,,,NeverTriggered,Buy,Buy,,2025-07-02 16:00:00,2025-07-02 17:00:00
2025-07-03,0900-1000,3338.36,3322.05,16.31,None,,,,,,0.00,,,,,,,,NeverTriggered,Sell,Sell,,2025-07-03 16:00:00,2025-07-03 17:00:00
2025-07-04,0900-1000,3337.99,3332.04,5.95,Sell,2025-07-04 17:10,0.22,,1,2025-07-04 17:15,0.20,0.80,-0.82,-1.000,-1.000,0,,,NeverTriggered,Sell,Sell,,2025-07-04 16:00:00,2025-07-04 17:00:00
2025-07-07,0900-1000,3317.12,3306.15,10.97,Buy,2025-07-07 17:15,1.45,,1,2025-07-07 17:20,2.05,0.26,1.84,2.667,2.667,0,,,Cancelled,Sell,Sell,,2025-07-07 16:00:00,2025-07-07 17:00:00
2025-07-08,0900-1000,3328.55,3310.46,18.09,Sell,2025-07-08 17:05,2.26,,0,,1.28,0.13,0.55,,0.733,0,,,Cancelled,Buy,Sell,,2025-07-08 16:00:00,2025-07-08 17:00:00
2025-07-09,0900-1000,3305.21,3291.83,13.38,Buy,2025-07-09 17:30,5.05,,0,,0.87,0.00,0.64,,0.854,0,,,NeverTriggered,Sell,Sell,,2025-07-09 16:00:00,2025-07-09 17:00:00
2025-07-10,0900-1000,3329.40,3310.01,19.39,None,,,,,,0.00,,,,,,,,NeverTriggered,Buy,Buy,,2025-07-10 16:00:00,2025-07-10 17:00:00
2025-07-11,0900-1000,3359.19,3349.97,9.22,Buy,2025-07-11 17:40,0.52,,1,2025-07-11 17:45,1.01,0.81,-0.18,-1.000,-1.000,0,,,Cancelled,Buy,Buy,,2025-07-11 16:00:00,2025-07-11 17:00:00
2025-07-14,0900-1000,3359.03,3346.96,12.07,Sell,2025-07-14 17:35,2.98,,1,2025-07-14 18:05,0.49,0.40,0.37,0.499,0.499,0,,,NeverTriggered,Sell,Buy,,2025-07-14 16:00:00,2025-07-14 17:00:00
2025-07-15,0900-1000,3352.41,3334.24,18.17,None,,,2025-07-15 18:30,,,0.00,,,,,,,,NeverTriggered,Sell,Sell,,2025-07-15 16:00:00,2025-07-15 17:00:00
2025-07-16,0900-1000,3339.42,3322.09,17.33,Sell,2025-07-16 17:30,0.24,,1,2025-07-16 17:35,0.14,0.81,-1.48,-1.000,-1.000,1,2.16,2.667,TP,Sell,Sell,,2025-07-16 16:00:00,2025-07-16 17:00:00
2025-07-17,0900-1000,3321.78,3311.38,10.40,Buy,2025-07-17 17:05,1.02,,0,,1.85,0.21,1.55,,2.068,0,,,Cancelled,Sell,Sell,,2025-07-17 16:00:00,2025-07-17 17:00:00
2025-07-18,0900-1000,3360.24,3352.25,7.99,None,,,2025-07-18 19:10,,,0.00,,,,,,,,NeverTriggered,Buy,Buy,,2025-07-18 16:00:00,2025-07-18 17:00:00
2025-07-21,0900-1000,3395.29,3383.69,11.60,Buy,2025-07-21 17:25,2.46,,1,2025-07-21 18:15,0.54,0.33,0.15,0.197,0.197,0,,,NeverTriggered,Buy,Buy,,2025-07-21 16:00:00,2025-07-21 17:00:00
2025-07-22,0900-1000,3420.15,3405.12,15.03,Buy,2025-07-22 17:50,6.68,,0,,0.89,0.00,0.60,,0.806,0,,,NeverTriggered,Buy,Buy,,2025-07-22 16:00:00,2025-07-22 17:00:00
2025-07-23,0900-1000,3420.66,3405.48,15.18,None,,,2025-07-23 18:55,,,0.00,,,,,,,,NeverTriggered,Sell,Buy,,2025-07-23 16:00:00,2025-07-23 17:00:00
2025-07-24,0900-1000,3372.14,3351.21,20.93,Buy,2025-07-24 17:15,1.88,,1,2025-07-24 17:20,0.25,0.28,-0.23,-0.305,-0.305,0,,,NeverTriggered,Sell,Sell,,2025-07-24 16:00:00,2025-07-24 17:00:00
2025-07-25,0900-1000,3347.53,3336.89,10.64,Sell,2025-07-25 17:15,0.59,,1,2025-07-25 17:20,1.14,0.33,0.02,0.025,0.025,0,,,Cancelled,Sell,Sell,,2025-07-25 16:00:00,2025-07-25 17:00:00
2025-07-28,0900-1000,3330.60,3301.58,29.02,None,,,,,,0.00,,,,,,,,NeverTriggered,Sell,Sell,,2025-07-28 16:00:00,2025-07-28 17:00:00
2025-07-29,0900-1000,3324.35,3312.87,11.48,Buy,2025-07-29 17:40,2.99,,1,2025-07-29 18:25,0.86,0.48,0.12,0.158,0.158,0,,,NeverTriggered,Buy,Buy,,2025-07-29 16:00:00,2025-07-29 17:00:00
2025-07-30,0900-1000,3316.07,3298.21,17.86,None,,,2025-07-30 18:20,,,0.00,,,,,,,,NeverTriggered,Sell,Sell,,2025-07-30 16:00:00,2025-07-30 17:00:00
2025-07-31,0900-1000,3310.39,3298.58,11.81,Sell,2025-07-31 17:30,4.80,,1,2025-07-31 18:20,0.76,0.04,0.70,0.930,0.930,0,,,NeverTriggered,Buy,Buy,,2025-07-31 16:00:00,2025-07-31 17:00:00
2025-08-01,0900-1000,3354.71,3338.62,16.09,None,,,2025-08-01 22:30,,,0.00,,,,,,,,NeverTriggered,Buy,Buy,,2025-08-01 16:00:00,2025-08-01 17:00:00
2025-08-04,0900-1000,3385.49,3367.09,18.40,None,,,,,,0.00,,,,,,,,NeverTriggered,Buy,Buy,,2025-08-04 16:00:00,2025-08-04 17:00:00
2025-08-05,0900-1000,3380.48,3365.78,14.70,Buy,2025-08-05 17:20,1.42,,1,2025-08-05 17:25,0.68,0.35,-0.10,-0.133,-0.133,0,,,NeverTriggered,Buy,Sell,,2025-08-05 16:00:00,2025-08-05 17:00:00
2025-08-06,0900-1000,3373.85,3365.38,8.47,Buy,2025-08-06 17:20,1.93,,0,,0.72,0.82,-0.69,,-1.000,0,,,NeverTriggered,Sell,Sell,,2025-08-06 16:00:00,2025-08-06 17:00:00
2025-08-07,0900-1000,3393.90,3379.97,13.93,None,,,2025-08-07 22:30,,,0.00,,,,,,,,NeverTriggered,Buy,Sell,,2025-08-07 16:00:00,2025-08-07 17:00:00
2025-08-08,0900-1000,3401.74,3387.57,14.17,Sell,2025-08-08 17:25,4.58,,1,2025-08-08 17:35,0.47,0.78,-0.71,-1.000,-1.000,1,-0.86,-1.000,Stop,Buy,Sell,,2025-08-08 16:00:00,2025-08-08 17:00:00
2025-08-11,0900-1000,3362.94,3348.44,14.50,Sell,2025-08-11 17:35,4.23,,1,2025-08-11 17:40,0.48,0.72,0.32,0.426,0.426,0,,,NeverTriggered,Sell,Sell,,2025-08-11 16:00:00,2025-08-11 17:00:00
2025-08-12,0900-1000,3357.17,3339.82,17.35,Sell,2025-08-12 17:10,4.00,,1,2025-08-12 18:00,0.51,1.10,-0.55,-1.000,-1.000,1,0.10,-0.599,EOD,Sell,Sell,,2025-08-12 16:00:00,2025-08-12 17:00:00
2025-08-13,0900-1000,3368.44,3353.95,14.49,None,,,2025-08-13 21:00,,,0.00,,,,,,,,NeverTriggered,Buy,Buy,,2025-08-13 16:00:00,2025-08-13 17:00:00
2025-08-14,0900-1000,3356.13,3341.56,14.57,Sell,2025-08-14 17:05,5.20,,1,2025-08-14 17:15,0.81,0.35,0.43,0.575,0.575,0,,,NeverTriggered,Sell,Sell,,2025-08-14 16:00:00,2025-08-14 17:00:00
2025-08-15,0900-1000,3346.02,3332.70,13.32,None,,,,,,0.00,,,,,,,,NeverTriggered,Buy,Sell,,2025-08-15 16:00:00,2025-08-15 17:00:00
2025-08-18,0900-1000,3345.06,3332.09,12.97,None,,,2025-08-18 21:35,,,0.00,,,,,,,,NeverTriggered,Sell,Buy,,2025-08-18 16:00:00,2025-08-18 17:00:00
2025-08-19,0900-1000,3339.21,3325.67,13.54,Sell,2025-08-19 17:45,1.89,,1,2025-08-19 18:00,0.80,0.09,0.75,1.006,1.006,0,,,NeverTriggered,Sell,Buy,,2025-08-19 16:00:00,2025-08-19 17:00:00
2025-08-20,0900-1000,3347.91,3338.70,9.21,Buy,2025-08-20 17:45,0.92,,1,2025-08-20 17:50,0.19,0.80,0.05,-1.000,-1.000,0,,,NeverTriggered,Buy,Buy,,2025-08-20 16:00:00,2025-08-20 17:00:00
2025-08-21,0900-1000,3347.57,3336.22,11.35,None,,,,,,0.00,,,,,,,,NeverTriggered,Buy,Sell,,2025-08-21 16:00:00,2025-08-21 17:00:00
2025-08-22,0900-1000,3355.48,3323.18,32.30,Buy,2025-08-22 17:10,3.36,,0,,0.73,0.03,0.51,,0.679,0,,,NeverTriggered,Sell,Sell,,2025-08-22 16:00:00,2025-08-22 17:00:00
2025-08-25,0900-1000,3373.13,3362.13,11.00,Buy,2025-08-25 17:10,0.65,,1,2025-08-25 17:15,0.29,0.77,-0.77,-1.000,-1.000,0,,,NeverTriggered,Buy,Buy,,2025-08-25 16:00:00,2025-08-25 17:00:00
2025-08-26,0900-1000,3378.06,3370.49,7.57,Buy,2025-08-26 17:45,0.27,,1,2025-08-26 17:50,1.75,0.27,1.74,2.318,2.318,0,,,Cancelled,Sell,Buy,,2025-08-26 16:00:00,2025-08-26 17:00:00
2025-08-27,0900-1000,3384.67,3375.55,9.12,Buy,2025-08-27 17:50,0.26,,1,2025-08-27 17:55,1.51,0.20,1.25,1.670,1.670,0,,,Cancelled,Buy,Sell,,2025-08-27 16:00:00,2025-08-27 17:00:00
2025-08-28,0900-1000,3410.39,3394.45,15.94,Buy,2025-08-28 17:10,1.07,,1,2025-08-28 17:15,0.79,0.37,0.39,0.524,0.524,0,,,NeverTriggered,Buy,Buy,,2025-08-28 16:00:00,2025-08-28 17:00:00
2025-08-29,0900-1000,3431.43,3413.41,18.02,Buy,2025-08-29 17:10,4.06,,0,,1.25,0.00,0.92,,1.221,0,,,Cancelled,Buy,Buy,,2025-08-29 16:00:00,2025-08-29 17:00:00
2025-09-01,0900-1000,3478.94,3468.42,10.52,Buy,2025-09-01 17:15,0.28,,1,2025-09-01 17:20,0.23,0.63,-0.29,-0.380,-0.380,0,,,NeverTriggered,Buy,Buy,,2025-09-01 16:00:00,2025-09-01 17:00:00
2025-09-02,0900-1000,3493.89,3478.13,15.76,Buy,2025-09-02 17:35,9.68,,0,,2.04,0.00,2.67,,2.667,0,,,Cancelled,Buy,Buy,,2025-09-02 16:00:00,2025-09-02 17:00:00
2025-09-03,0900-1000,3561.29,3549.19,12.10,Buy,2025-09-03 17:20,3.51,,1,2025-09-03 17:30,1.43,0.59,-0.05,-0.063,-0.063,0,,,Cancelled,Buy,Buy,,2025-09-03 16:00:00,2025-09-03 17:00:00
2025-09-04,0900-1000,3558.80,3534.62,24.18,None,,,,,,0.00,,,,,,,,NeverTriggered,Buy,Buy,,2025-09-04 16:00:00,2025-09-04 17:00:00
2025-09-05,0900-1000,3597.35,3573.15,24.20,None,,,2025-09-05 19:45,,,0.00,,,,,,,,NeverTriggered,Buy,Buy,,2025-09-05 16:00:00,2025-09-05 17:00:00
2025-09-08,0900-1000,3636.90,3620.16,16.74,Buy,2025-09-08 17:05,0.34,,1,2025-09-08 17:10,0.57,0.49,0.02,0.031,0.031,0,,,NeverTriggered,Buy,Buy,,2025-09-08 16:00:00,2025-09-08 17:00:00
2025-09-09,0900-1000,3675.54,3646.19,29.35,Sell,2025-09-09 17:30,4.50,,1,2025-09-09 17:40,0.67,0.28,0.58,0.769,0.769,0,,,NeverTriggered,Buy,Buy,,2025-09-09 16:00:00,2025-09-09 17:00:00
2025-09-10,0900-1000,3654.03,3641.93,12.10,Buy,2025-09-10 17:15,0.84,,1,2025-09-10 17:20,0.11,0.78,-1.23,-1.000,-1.000,1,0.57,0.305,EOD,Buy,Buy,,2025-09-10 16:00:00,2025-09-10 17:00:00
2025-09-11,0900-1000,3637.02,3618.05,18.97,None,,,2025-09-11 18:20,,,0.00,,,,,,,,NeverTriggered,Sell,Sell,,2025-09-11 16:00:00,2025-09-11 17:00:00
2025-09-12,0900-1000,3653.11,3643.14,9.97,None,,,2025-09-12 19:05,,,0.00,,,,,,,,NeverTriggered,Buy,Buy,,2025-09-12 16:00:00,2025-09-12 17:00:00
2025-09-15,0900-1000,3664.33,3646.74,17.59,Buy,2025-09-15 18:00,0.73,,1,2025-09-15 18:05,1.20,0.08,0.94,1.255,1.255,0,,,Cancelled,Buy,Buy,,2025-09-15 16:00:00,2025-09-15 17:00:00
2025-09-16,0900-1000,3698.47,3684.84,13.63,Buy,2025-09-16 17:10,0.94,,1,2025-09-16 17:15,0.33,0.79,-0.45,-1.000,-1.000,1,0.46,-0.729,EOD,Buy,Buy,,2025-09-16 16:00:00,2025-09-16 17:00:00
2025-09-17,0900-1000,3682.59,3672.61,9.98,Buy,2025-09-17 17:10,1.44,,1,2025-09-17 17:20,1.59,2.87,-2.36,-1.000,-1.000,0,,,Cancelled,Buy,Sell,,2025-09-17 16:00:00,2025-09-17 17:00:00
2025-09-18,0900-1000,3664.01,3627.78,36.23,None,,,,,,0.00,,,,,,,,NeverTriggered,Sell,Buy,,2025-09-18 16:00:00,2025-09-18 17:00:00
2025-09-19,0900-1000,3664.31,3643.52,20.79,Buy,2025-09-19 17:35,1.03,,1,2025-09-19 17:40,1.03,0.10,0.98,1.306,1.306,0,,,Cancelled,Sell,Sell,,2025-09-19 16:00:00,2025-09-19 17:00:00
2025-09-22,0900-1000,3725.62,3713.71,11.91,Buy,2025-09-22 18:05,1.48,,1,2025-09-22 18:10,1.95,0.10,1.89,2.519,2.519,0,,,Cancelled,Buy,Buy,,2025-09-22 16:00:00,2025-09-22 17:00:00
2025-09-23,0900-1000,3788.94,3774.14,14.80,Sell,2025-09-23 17:15,1.22,,1,2025-09-23 17:30,0.62,0.79,0.70,-1.000,-1.000,0,,,Cancelled,Buy,Buy,,2025-09-23 16:00:00,2025-09-23 17:00:00
2025-09-24,0900-1000,3773.12,3758.91,14.21,Sell,2025-09-24 17:05,0.93,,1,2025-09-24 17:10,2.16,0.40,1.59,2.667,2.667,0,,,Cancelled,Buy,Sell,,2025-09-24 16:00:00,2025-09-24 17:00:00
2025-09-25,0900-1000,3745.56,3721.96,23.60,None,,,2025-09-25 21:25,,,0.00,,,,,,,,NeverTriggered,Sell,Buy,,2025-09-25 16:00:00,2025-09-25 17:00:00
2025-09-26,0900-1000,3770.45,3751.18,19.27,Buy,2025-09-26 17:05,3.86,,0,,0.69,0.46,-0.43,,-0.568,0,,,NeverTriggered,Buy,Buy,,2025-09-26 16:00:00,2025-09-26 17:00:00
2025-09-29,0900-1000,3828.14,3809.28,18.86,Buy,2025-09-29 18:00,3.14,,1,2025-09-29 18:05,0.29,0.38,0.18,0.238,0.238,0,,,NeverTriggered,Buy,Buy,,2025-09-29 16:00:00,2025-09-29 17:00:00
2025-09-30,0900-1000,3829.94,3811.50,18.44,Buy,2025-09-30 17:05,8.55,,0,,1.67,0.09,1.54,,2.056,0,,,Cancelled,Sell,Sell,,2025-09-30 16:00:00,2025-09-30 17:00:00
2025-10-01,0900-1000,3877.07,3863.65,13.42,Buy,2025-10-01 17:30,0.84,,1,2025-10-01 17:35,0.12,1.53,-1.02,-1.000,-1.000,1,-1.08,-1.000,Stop,Buy,Buy,,2025-10-01 16:00:00,2025-10-01 17:00:00
2025-10-02,0900-1000,3896.67,3871.17,25.50,Sell,2025-10-02 17:15,4.68,,0,,2.03,0.03,0.61,,2.667,0,,,Cancelled,Buy,Buy,,2025-10-02 16:00:00,2025-10-02 17:00:00
2025-10-03,0900-1000,3890.65,3870.06,20.59,Sell,2025-10-03 17:10,2.89,,1,2025-10-03 17:15,0.18,0.81,-0.77,-1.000,-1.000,1,0.05,-0.301,EOD,Buy,Buy,,2025-10-03 16:00:00,2025-10-03 17:00:00
2025-10-06,0900-1000,3949.91,3927.36,22.55,Buy,2025-10-06 17:30,4.70,,1,2025-10-06 18:10,0.89,0.18,0.47,0.622,0.622,0,,,NeverTriggered,Buy,Buy,,2025-10-06 16:00:00,2025-10-06 17:00:00
2025-10-07,0900-1000,3985.57,3970.42,15.15,None,,,2025-10-07 18:10,,,0.00,,,,,,,,NeverTriggered,Buy,Buy,,2025-10-07 16:00:00,2025-10-07 17:00:00
2025-10-08,0900-1000,4049.40,4026.54,22.86,None,,,2025-10-08 19:10,,,0.00,,,,,,,,NeverTriggered,Buy,Buy,,2025-10-08 16:00:00,2025-10-08 17:00:00
2025-10-09,0900-1000,4057.89,4012.78,45.11,Sell,2025-10-09 17:20,2.62,,1,2025-10-09 17:25,1.51,0.36,0.80,1.072,1.072,0,,,Cancelled,Buy,Buy,,2025-10-09 16:00:00,2025-10-09 17:00:00
2025-10-10,0900-1000,3998.03,3973.01,25.02,Buy,2025-10-10 18:05,12.11,,1,2025-10-10 18:45,0.99,0.83,0.52,-1.000,-1.000,0,,,NeverTriggered,Sell,Buy,,2025-10-10 16:00:00,2025-10-10 17:00:00
2025-10-13,0900-1000,4096.54,4078.34,18.20,Buy,2025-10-13 17:30,0.67,,1,2025-10-13 17:35,1.13,0.31,0.81,1.080,1.080,0,,,Cancelled,Buy,Buy,,2025-10-13 16:00:00,2025-10-13 17:00:00
2025-10-14,0900-1000,4130.97,4097.70,33.27,Buy,2025-10-14 17:25,2.34,,1,2025-10-14 17:30,0.73,0.15,0.40,0.531,0.531,0,,,NeverTriggered,Sell,Buy,,2025-10-14 16:00:00,2025-10-14 17:00:00
2025-10-15,0900-1000,4205.08,4182.78,22.30,Buy,2025-10-15 17:05,0.99,,1,2025-10-15 17:15,0.32,0.79,0.21,-1.000,-1.000,1,-0.77,-1.000,Stop,Buy,Buy,,2025-10-15 16:00:00,2025-10-15 17:00:00
2025-10-16,0900-1000,4258.51,4234.73,23.78,Buy,2025-10-16 17:05,2.16,,1,2025-10-16 17:20,2.12,0.19,2.78,2.667,2.667,0,,,Cancelled,Buy,Buy,,2025-10-16 16:00:00,2025-10-16 17:00:00
2025-10-17,0900-1000,4317.66,4236.51,81.15,Sell,2025-10-17 17:10,19.10,,1,2025-10-17 17:15,0.62,0.37,-0.13,-0.175,-0.175,0,,,NeverTriggered,Sell,Sell,,2025-10-17 16:00:00,2025-10-17 17:00:00
2025-10-20,0900-1000,4324.74,4292.70,32.04,Buy,2025-10-20 17:35,1.92,,1,2025-10-20 17:40,1.76,0.24,1.01,1.345,1.345,0,,,Cancelled,Buy,Buy,,2025-10-20 16:00:00,2025-10-20 17:00:00
2025-10-21,0900-1000,4225.39,4165.44,59.95,Sell,2025-10-21 17:20,12.58,,0,,1.40,0.06,0.64,,0.854,0,,,Cancelled,Sell,Sell,,2025-10-21 16:00:00,2025-10-21 17:00:00
2025-10-22,0900-1000,4085.11,4033.81,51.30,Sell,2025-10-22 17:50,20.60,,1,2025-10-22 18:05,0.44,0.77,-1.33,-1.000,-1.000,1,0.55,0.438,EOD,Sell,Sell,,2025-10-22 16:00:00,2025-10-22 17:00:00
2025-10-23,0900-1000,4150.65,4125.55,25.10,Buy,2025-10-23 17:05,2.14,,1,2025-10-23 17:10,0.15,0.91,-1.25,-1.000,-1.000,1,0.72,0.328,EOD,Buy,Buy,,2025-10-23 16:00:00,2025-10-23 17:00:00
2025-10-24,0900-1000,4122.10,4079.26,42.84,Buy,2025-10-24 17:10,9.99,,1,2025-10-24 17:25,0.39,0.59,-0.23,-0.313,-0.313,0,,,NeverTriggered,Sell,Sell,,2025-10-24 16:00:00,2025-10-24 17:00:00
2025-10-27,0900-1000,4023.58,3976.29,47.29,Sell,2025-10-27 17:05,1.75,,1,2025-10-27 17:10,0.10,0.72,-0.11,-0.151,-0.151,0,,,NeverTriggered,Sell,Sell,,2025-10-27 16:00:00,2025-10-27 17:00:00
2025-10-28,0900-1000,3954.27,3934.65,19.62,Buy,2025-10-28 17:10,4.98,,0,,0.81,0.46,-0.07,,-0.094,0,,,NeverTriggered,Sell,Sell,,2025-10-28 16:00:00,2025-10-28 17:00:00
2025-10-29,0900-1000,4022.13,4004.40,17.73,Sell,2025-10-29 17:45,6.74,,0,,2.98,0.17,4.17,,2.667,0,,,Cancelled,Buy,Buy,,2025-10-29 16:00:00,2025-10-29 17:00:00
2025-10-30,0900-1000,4014.70,3986.90,27.80,None,,,2025-10-30 20:30,,,0.00,,,,,,,,NeverTriggered,Buy,Buy,,2025-10-30 16:00:00,2025-10-30 17:00:00
2025-10-31,0900-1000,4027.16,4009.86,17.30,Sell,2025-10-31 18:00,3.84,,0,,2.16,0.31,0.41,,2.667,0,,,Cancelled,Buy,Buy,,2025-10-31 16:00:00,2025-10-31 17:00:00
2025-11-03,0900-1000,4030.58,4003.49,27.09,None,,,2025-11-03 20:15,,,0.00,,,,,,,,NeverTriggered,Buy,Buy,,2025-11-03 17:00:00,2025-11-03 18:00:00
2025-11-04,0900-1000,3968.09,3941.35,26.74,Buy,2025-11-04 18:15,1.48,,1,2025-11-04 18:40,0.28,0.85,-1.35,-1.000,-1.000,1,0.41,0.464,EOD,Sell,Sell,,2025-11-04 17:00:00,2025-11-04 18:00:00
2025-11-05,0900-1000,3984.26,3964.24,20.02,Buy,2025-11-05 18:45,3.15,,1,2025-11-05 19:05,0.30,0.28,-0.09,-0.125,-0.125,0,,,NeverTriggered,Buy,Buy,,2025-11-05 17:00:00,2025-11-05 18:00:00
2025-11-06,0900-1000,3993.81,3975.21,18.60,None,,,2025-11-06 19:20,,,0.00,,,,,,,,NeverTriggered,Sell,Buy,,2025-11-06 17:00:00,2025-11-06 18:00:00
2025-11-07,0900-1000,3999.22,3984.27,14.95,Buy,2025-11-07 18:10,0.01,,1,2025-11-07 18:15,1.87,0.47,0.03,0.043,0.043,0,,,Cancelled,Sell,Sell,,2025-11-07 17:00:00,2025-11-07 18:00:00
2025-11-10,0900-1000,4094.38,4077.87,16.51,Buy,2025-11-10 18:55,0.69,,1,2025-11-10 19:00,1.30,0.07,1.30,1.729,1.729,0,,,Cancelled,Buy,Buy,,2025-11-10 17:00:00,2025-11-10 18:00:00
2025-11-11,0900-1000,4126.26,4097.07,29.19,None,,,2025-11-11 22:10,,,0.00,,,,,,,,NeverTriggered,Sell,Buy,,2025-11-11 17:00:00,2025-11-11 18:00:00
2025-11-12,0900-1000,4187.54,4134.65,52.89,Buy,2025-11-12 18:30,6.07,,1,2025-11-12 18:35,0.46,0.03,0.21,0.279,0.279,0,,,NeverTriggered,Buy,Buy,,2025-11-12 17:00:00,2025-11-12 18:00:00
2025-11-13,0900-1000,4208.71,4186.60,22.11,Buy,2025-11-13 18:10,1.36,,1,2025-11-13 18:15,0.10,0.96,-1.69,-1.000,-1.000,1,1.87,0.914,EOD,Sell,Buy,,2025-11-13 17:00:00,2025-11-13 18:00:00
2025-11-14,0900-1000,4096.43,4068.53,27.90,Buy,2025-11-14 18:15,0.30,,1,2025-11-14 18:20,0.53,0.76,-0.61,-1.000,-1.000,0,,,NeverTriggered,Sell,Sell,,2025-11-14 17:00:00,2025-11-14 18:00:00
2025-11-17,0900-1000,4077.31,4056.08,21.23,None,,,2025-11-17 21:30,,,0.00,,,,,,,,NeverTriggered,Sell,Sell,,2025-11-17 17:00:00,2025-11-17 18:00:00
2025-11-18,0900-1000,4072.31,4040.72,31.59,None,,,2025-11-18 19:40,,,0.00,,,,,,,,NeverTriggered,Buy,Buy,,2025-11-18 17:00:00,2025-11-18 18:00:00
2025-11-19,0900-1000,4132.51,4083.90,48.61,Sell,2025-11-19 18:15,0.46,,1,2025-11-19 18:20,0.59,0.23,0.05,0.070,0.070,0,,,NeverTriggered,Buy,Buy,,2025-11-19 17:00:00,2025-11-19 18:00:00
2025-11-20,0900-1000,4098.62,4068.75,29.87,Sell,2025-11-20 18:25,3.67,,0,,0.84,0.62,-0.29,,-0.383,0,,,NeverTriggered,Buy,Buy,,2025-11-20 17:00:00,2025-11-20 18:00:00
2025-11-21,0900-1000,4076.58,4055.22,21.36,Buy,2025-11-21 18:50,17.34,,0,,1.15,0.80,-0.51,,-1.000,0,,,Cancelled,Buy,Buy,,2025-11-21 17:00:00,2025-11-21 18:00:00
2025-11-24,0900-1000,4094.04,4081.17,12.87,Buy,2025-11-24 18:30,2.06,,1,2025-11-24 19:10,2.46,0.47,3.53,2.667,2.667,0,,,Cancelled,Buy,Buy,,2025-11-24 17:00:00,2025-11-24 18:00:00
2025-11-25,0900-1000,4133.83,4117.83,16.00,Buy,2025-11-25 18:15,4.25,,1,2025-11-25 18:20,1.58,0.38,-0.18,-0.235,-0.235,0,,,Cancelled,Sell,Buy,,2025-11-25 17:00:00,2025-11-25 18:00:00
2025-11-26,0900-1000,4165.85,4136.86,28.99,Buy,2025-11-26 18:40,1.39,,1,2025-11-26 18:45,0.20,0.27,-0.05,-0.068,-0.068,0,,,NeverTriggered,Sell,Sell,,2025-11-26 17:00:00,2025-11-26 18:00:00
2025-11-27,0900-1000,4161.82,4153.00,8.82,None,,,,,,0.00,,,,,,,,NeverTriggered,Sell,Sell,,2025-11-27 17:00:00,2025-11-27 18:00:00
2025-11-28,0900-1000,4205.46,4185.92,19.54,Buy,2025-11-28 18:15,0.50,,1,2025-11-28 18:20,1.09,0.31,0.65,0.860,0.860,0,,,Cancelled,Buy,Buy,,2025-11-28 17:00:00,2025-11-28 18:00:00
2025-12-01,0900-1000,4245.03,4219.65,25.38,None,,,,,,0.00,,,,,,,,NeverTriggered,Buy,Buy,,2025-12-01 17:00:00,2025-12-01 18:00:00
2025-12-02,0900-1000,4219.32,4163.63,55.69,None,,,,,,0.00,,,,,,,,NeverTriggered,Buy,Sell,,2025-12-02 17:00:00,2025-12-02 18:00:00
2025-12-03,0900-1000,4229.26,4206.24,23.02,Sell,2025-12-03 18:55,5.12,,1,2025-12-03 19:00,0.49,0.40,0.01,0.013,0.013,0,,,NeverTriggered,Buy,Buy,,2025-12-03 17:00:00,2025-12-03 18:00:00
2025-12-04,0900-1000,4212.71,4191.28,21.43,Buy,2025-12-04 18:05,1.12,,1,2025-12-04 18:10,0.30,0.61,-0.19,-0.255,-0.255,0,,,NeverTriggered,Buy,Sell,,2025-12-04 17:00:00,2025-12-04 18:00:00
2025-12-05,0900-1000,4259.32,4234.18,25.14,Sell,2025-12-05 18:05,7.79,,0,,1.68,0.22,1.47,,1.964,0,,,Cancelled,Buy,Buy,,2025-12-05 17:00:00,2025-12-05 18:00:00
2025-12-08,0900-1000,4197.01,4176.28,20.73,None,,,,,,0.00,,,,,,,,NeverTriggered,Sell,Sell,,2025-12-08 17:00:00,2025-12-08 18:00:00
2025-12-09,0900-1000,4216.88,4190.10,26.78,Buy,2025-12-09 18:10,1.40,,1,2025-12-09 18:15,0.17,0.58,-0.28,-0.372,-0.372,0,,,NeverTriggered,Buy,Buy,,2025-12-09 17:00:00,2025-12-09 18:00:00
2025-12-10,0900-1000,4201.21,4188.81,12.40,Buy,2025-12-10 18:40,1.10,,1,2025-12-10 19:05,0.90,0.75,2.18,-1.000,-1.000,0,,,Cancelled,Sell,Sell,,2025-12-10 17:00:00,2025-12-10 18:00:00
2025-12-11,0900-1000,4261.11,4226.03,35.08,Buy,2025-12-11 18:45,13.11,,0,,0.71,0.00,0.62,,0.829,0,,,NeverTriggered,Buy,Buy,,2025-12-11 17:00:00,2025-12-11 18:00:00
2025-12-12,0900-1000,4351.31,4275.61,75.70,Sell,2025-12-12 18:35,9.20,,1,2025-12-12 18:45,0.24,0.38,-0.35,-0.471,-0.471,0,,,NeverTriggered,Buy,Buy,,2025-12-12 17:00:00,2025-12-12 18:00:00
2025-12-15,0900-1000,4327.88,4307.63,20.25,Sell,2025-12-15 18:10,4.08,,0,,1.10,0.49,0.26,,0.342,0,,,Cancelled,Sell,Buy,,2025-12-15 17:00:00,2025-12-15 18:00:00
2025-12-16,0900-1000,4335.03,4312.29,22.74,Sell,2025-12-16 18:15,6.06,,1,2025-12-16 18:25,0.94,0.15,0.38,0.505,0.505,0,,,NeverTriggered,Buy,Buy,,2025-12-16 17:00:00,2025-12-16 18:00:00
2025-12-17,0900-1000,4348.84,4324.48,24.36,None,,,,,,0.00,,,,,,,,NeverTriggered,Buy,Buy,,2025-12-17 17:00:00,2025-12-17 18:00:00
2025-12-18,0900-1000,4345.52,4325.15,20.37,Buy,2025-12-18 18:05,1.08,,0,,1.42,0.81,-0.66,,-1.000,0,,,Cancelled,Sell,Sell,,2025-12-18 17:00:00,2025-12-18 18:00:00
2025-12-19,0900-1000,4354.78,4332.03,22.75,None,,,,,,0.00,,,,,,,,NeverTriggered,Buy,Buy,,2025-12-19 17:00:00,2025-12-19 18:00:00
2025-12-22,0900-1000,4435.70,4412.00,23.70,Buy,2025-12-22 18:10,2.25,,1,2025-12-22 18:15,0.57,0.29,0.43,0.571,0.571,0,,,NeverTriggered,Buy,Buy,,2025-12-22 17:00:00,2025-12-22 18:00:00
2025-12-23,0900-1000,4460.13,4430.70,29.43,Buy,2025-12-23 18:20,3.04,,1,2025-12-23 18:30,1.35,0.15,0.97,1.288,1.288,0,,,Cancelled,Sell,Buy,,2025-12-23 17:00:00,2025-12-23 18:00:00
2025-12-24,0900-1000,4476.44,4448.28,28.16,Buy,2025-12-24 18:55,0.37,,1,2025-12-24 19:00,0.40,0.13,0.08,0.103,0.103,0,,,NeverTriggered,Sell,Sell,,2025-12-24 17:00:00,2025-12-24 18:00:00
2025-12-26,0900-1000,4549.34,4519.71,29.63,None,,,2025-12-26 19:25,,,0.00,,,,,,,,NeverTriggered,Buy,Buy,,2025-12-26 17:00:00,2025-12-26 18:00:00
2025-12-29,0900-1000,4360.49,4303.14,57.35,None,,,,,,0.00,,,,,,,,NeverTriggered,Sell,Sell,,2025-12-29 17:00:00,2025-12-29 18:00:00
2025-12-30,0900-1000,4377.38,4359.14,18.24,Sell,2025-12-30 18:05,3.19,,1,2025-12-30 18:10,0.24,1.14,0.69,-1.000,-1.000,1,-0.83,-1.000,Stop,Sell,Buy,,2025-12-30 17:00:00,2025-12-30 18:00:00
2025-12-31,0900-1000,4346.16,4327.21,18.95,Sell,2025-12-31 18:10,3.53,,1,2025-12-31 18:15,1.20,0.23,0.69,0.915,0.915,0,,,Cancelled,Buy,Buy,,2025-12-31 17:00:00,2025-12-31 18:00:00
2026-01-02,0900-1000,4356.90,4324.14,32.76,Sell,2026-01-02 18:10,1.68,,1,2026-01-02 18:15,0.44,0.28,-0.19,-0.253,-0.253,0,,,NeverTriggered,Sell,Buy,,2026-01-02 17:00:00,2026-01-02 18:00:00
2026-01-05,0900-1000,4455.80,4435.63,20.17,Sell,2026-01-05 19:00,1.42,,1,2026-01-05 19:05,0.16,0.66,-0.63,-0.842,-0.842,0,,,NeverTriggered,Buy,Buy,,2026-01-05 17:00:00,2026-01-05 18:00:00
2026-01-06,0900-1000,4490.97,4463.05,27.92,None,,,2026-01-06 20:10,,,0.00,,,,,,,,NeverTriggered,Buy,Buy,,2026-01-06 17:00:00,2026-01-06 18:00:00
2026-01-07,0900-1000,4452.21,4423.32,28.89,Buy,2026-01-07 18:20,6.17,,0,,0.56,0.25,0.02,,0.029,0,,,NeverTriggered,Sell,Sell,,2026-01-07 17:00:00,2026-01-07 18:00:00
2026-01-08,0900-1000,4458.07,4427.75,30.32,Buy,2026-01-08 18:30,2.90,,1,2026-01-08 18:45,0.71,0.44,0.61,0.810,0.810,0,,,NeverTriggered,Sell,Sell,,2026-01-08 17:00:00,2026-01-08 18:00:00
2026-01-09,0900-1000,4516.95,4490.65,26.30,None,,,2026-01-09 19:50,,,0.00,,,,,,,,NeverTriggered,Buy,Buy,,2026-01-09 17:00:00,2026-01-09 18:00:00
2026-01-12,0900-1000,4627.22,4601.82,25.40,Buy,2026-01-12 18:10,1.67,,1,2026-01-12 18:15,0.11,0.77,-1.32,-1.000,-1.000,1,0.49,0.422,EOD,Buy,Buy,,2026-01-12 17:00:00,2026-01-12 18:00:00
2026-01-13,0900-1000,4630.30,4600.98,29.32,Sell,2026-01-13 18:25,2.88,,1,2026-01-13 18:30,1.06,0.50,0.45,0.598,0.598,0,,,Cancelled,Buy,Buy,,2026-01-13 17:00:00,2026-01-13 18:00:00
2026-01-14,0900-1000,4626.55,4599.16,27.39,None,,,2026-01-14 20:15,,,0.00,,,,,,,,NeverTriggered,Sell,Buy,,2026-01-14 17:00:00,2026-01-14 18:00:00
2026-01-15,0900-1000,4617.95,4603.82,14.13,Buy,2026-01-15 18:10,4.00,,1,2026-01-15 18:20,0.47,0.81,-0.22,-1.000,-1.000,1,-0.89,-1.000,Stop,Buy,Sell,,2026-01-15 17:00:00,2026-01-15 18:00:00
2026-01-16,0900-1000,4619.86,4536.85,83.01,None,,,,,,0.00,,,,,,,,NeverTriggered,Buy,Sell,,2026-01-16 17:00:00,2026-01-16 18:00:00
2026-01-19,0900-1000,4676.16,4664.44,11.72,None,,,2026-01-19 19:40,,,0.00,,,,,,,,NeverTriggered,Buy,Buy,,2026-01-19 17:00:00,2026-01-19 18:00:00
2026-01-20,0900-1000,4748.38,4722.21,26.17,Buy,2026-01-20 18:45,0.49,,1,2026-01-20 18:50,0.69,0.11,0.58,0.776,0.776,0,,,NeverTriggered,Buy,Buy,,2026-01-20 17:00:00,2026-01-20 18:00:00
2026-01-21,0900-1000,4868.89,4812.80,56.09,None,,,2026-01-21 19:30,,,0.00,,,,,,,,NeverTriggered,Buy,Buy,,2026-01-21 17:00:00,2026-01-21 18:00:00
2026-01-22,0900-1000,4874.17,4827.03,47.14,Buy,2026-01-22 18:30,4.30,,1,2026-01-22 19:00,1.42,0.09,1.33,1.768,1.768,0,,,Cancelled,Buy,Buy,,2026-01-22 17:00:00,2026-01-22 18:00:00
2026-01-23,0900-1000,4966.15,4938.15,28.00,Buy,2026-01-23 18:05,7.92,,0,,0.84,0.28,0.59,,0.783,0,,,NeverTriggered,Buy,Buy,,2026-01-23 17:00:00,2026-01-23 18:00:00
2026-01-26,0900-1000,5102.87,5074.04,28.83,None,,,2026-01-26 20:30,,,0.00,,,,,,,,NeverTriggered,Buy,Buy,,2026-01-26 17:00:00,2026-01-26 18:00:00
2026-01-27,0900-1000,5091.71,5047.89,43.82,Buy,2026-01-27 18:10,3.38,,1,2026-01-27 18:30,2.07,0.35,2.23,2.667,2.667,0,,,Cancelled,Sell,Sell,,2026-01-27 17:00:00,2026-01-27 18:00:00
2026-01-28,0900-1000,5298.21,5235.97,62.24,Buy,2026-01-28 18:55,1.56,,1,2026-01-28 19:05,1.67,0.47,1.63,2.173,2.173,0,,,Cancelled,Buy,Buy,,2026-01-28 17:00:00,2026-01-28 18:00:00
2026-01-29,0900-1000,5496.90,5103.34,393.56,None,,,,,,0.00,,,,,,,,NeverTriggered,Buy,Buy,,2026-01-29 17:00:00,2026-01-29 18:00:00
2026-01-30,0900-1000,5073.95,4980.82,93.13,Sell,2026-01-30 18:35,7.37,,1,2026-01-30 18:40,2.08,0.38,1.24,2.667,2.667,0,,,Cancelled,Sell,Sell,,2026-01-30 17:00:00,2026-01-30 18:00:00
2026-02-02,0900-1000,4745.31,4596.45,148.86,None,,,,,,0.00,,,,,,,,NeverTriggered,Sell,Sell,,2026-02-02 17:00:00,2026-02-02 18:00:00
2026-02-03,0900-1000,4948.54,4905.03,43.51,Buy,2026-02-03 18:15,19.03,,1,2026-02-03 19:00,1.03,0.79,-0.21,-1.000,-1.000,0,,,Cancelled,Buy,Buy,,2026-02-03 17:00:00,2026-02-03 18:00:00
2026-02-04,0900-1000,5007.64,4887.51,120.13,Sell,2026-02-04 18:45,14.57,,1,2026-02-04 18:50,0.27,0.69,-0.63,-0.836,-0.836,0,,,NeverTriggered,Sell,Buy,,2026-02-04 17:00:00,2026-02-04 18:00:00
2026-02-05,0900-1000,4863.08,4800.52,62.56,Buy,2026-02-05 18:40,15.69,,1,2026-02-05 19:20,0.69,0.79,-1.51,-1.000,-1.000,1,0.65,0.682,EOD,Sell,Sell,,2026-02-05 17:00:00,2026-02-05 18:00:00
2026-02-06,0900-1000,4964.79,4928.48,36.31,None,,,2026-02-06 20:45,,,0.00,,,,,,,,NeverTriggered,Buy,Buy,,2026-02-06 17:00:00,2026-02-06 18:00:00
2026-02-09,0900-1000,5068.35,5023.39,44.96,Buy,2026-02-09 18:20,5.76,,1,2026-02-09 18:30,0.39,0.61,-0.10,-0.136,-0.136,0,,,NeverTriggered,Buy,Buy,,2026-02-09 17:00:00,2026-02-09 18:00:00
2026-02-10,0900-1000,5048.09,4998.97,49.12,None,,,,,,0.00,,,,,,,,NeverTriggered,Buy,Buy,,2026-02-10 17:00:00,2026-02-10 18:00:00
2026-02-11,0900-1000,5081.54,5039.16,42.38,None,,,2026-02-11 19:10,,,0.00,,,,,,,,NeverTriggered,Buy,Buy,,2026-02-11 17:00:00,2026-02-11 18:00:00
2026-02-12,0900-1000,5074.61,5040.31,34.30,Sell,2026-02-12 18:10,81.02,,0,,2.73,0.26,3.48,,2.667,0,,,Cancelled,Sell,Sell,,2026-02-12 17:00:00,2026-02-12 18:00:00
2026-02-13,0900-1000,5020.38,4974.34,46.04,Buy,2026-02-13 18:25,2.31,,1,2026-02-13 18:30,0.56,0.31,0.48,0.641,0.641,0,,,NeverTriggered,Buy,Buy,,2026-02-13 17:00:00,2026-02-13 18:00:00
2026-02-16,0900-1000,4988.17,4969.20,18.97,Buy,2026-02-16 19:00,3.96,,0,,0.50,0.02,0.19,,0.250,0,,,NeverTriggered,Sell,Sell,,2026-02-16 17:00:00,2026-02-16 18:00:00
2026-02-17,0900-1000,4888.09,4849.26,38.83,Buy,2026-02-17 18:05,0.18,,1,2026-02-17 18:10,0.13,0.77,-0.27,-1.000,-1.000,0,,,NeverTriggered,Sell,Sell,,2026-02-17 17:00:00,2026-02-17 18:00:00
2026-02-18,0900-1000,5008.96,4991.78,17.18,None,,,2026-02-18 20:25,,,0.00,,,,,,,,NeverTriggered,Buy,Buy,,2026-02-18 17:00:00,2026-02-18 18:00:00
2026-02-19,0900-1000,5022.01,4996.34,25.67,Sell,2026-02-19 18:55,0.84,,1,2026-02-19 19:00,0.80,0.32,-0.12,-0.161,-0.161,0,,,NeverTriggered,Buy,Buy,,2026-02-19 17:00:00,2026-02-19 18:00:00
2026-02-20,0900-1000,5064.30,4989.87,74.43,Buy,2026-02-20 18:30,4.19,,1,2026-02-20 18:35,0.55,0.15,0.53,0.703,0.703,0,,,NeverTriggered,Buy,Buy,,2026-02-20 17:00:00,2026-02-20 18:00:00
2026-02-23,0900-1000,5204.97,5175.95,29.02,Buy,2026-02-23 18:15,9.92,,1,2026-02-23 19:10,1.13,0.47,0.92,1.226,1.226,0,,,Cancelled,Buy,Buy,,2026-02-23 17:00:00,2026-02-23 18:00:00
2026-02-24,0900-1000,5155.18,5118.45,36.73,None,,,2026-02-24 19:10,,,0.00,,,,,,,,NeverTriggered,Sell,Sell,,2026-02-24 17:00:00,2026-02-24 18:00:00
2026-02-25,0900-1000,5202.63,5172.77,29.86,Buy,2026-02-25 18:20,2.19,,1,2026-02-25 18:25,0.50,0.85,-1.06,-1.000,-1.000,1,0.89,0.084,EOD,Buy,Buy,,2026-02-25 17:00:00,2026-02-25 18:00:00
2026-02-26,0900-1000,5192.54,5131.15,61.39,None,,,2026-02-26 21:45,,,0.00,,,,,,,,NeverTriggered,Sell,Sell,,2026-02-26 17:00:00,2026-02-26 18:00:00
2026-02-27,0900-1000,5245.97,5215.22,30.75,Buy,2026-02-27 18:10,7.33,,1,2026-02-27 18:20,0.38,0.77,1.04,-1.000,-1.000,0,,,Cancelled,Buy,Buy,,2026-02-27 17:00:00,2026-02-27 18:00:00
2026-03-02,0900-1000,5348.68,5260.87,87.81,None,,,,,,0.00,,,,,,,,NeverTriggered,Sell,Buy,,2026-03-02 17:00:00,2026-03-02 18:00:00
2026-03-03,0900-1000,5110.39,4996.57,113.82,Buy,2026-03-03 18:20,10.57,,1,2026-03-03 18:30,0.34,0.40,-0.20,-0.269,-0.269,0,,,NeverTriggered,Sell,Sell,,2026-03-03 17:00:00,2026-03-03 18:00:00
2026-03-04,0900-1000,5166.69,5131.44,35.25,None,,,2026-03-04 19:20,,,0.00,,,,,,,,NeverTriggered,Sell,Sell,,2026-03-04 17:00:00,2026-03-04 18:00:00
2026-03-05,0900-1000,5119.55,5061.16,58.39,None,,,2026-03-05 19:50,,,0.00,,,,,,,,NeverTriggered,Sell,Sell,,2026-03-05 17:00:00,2026-03-05 18:00:00
2026-03-06,0900-1000,5171.35,5128.06,43.29,None,,,2026-03-06 21:15,,,0.00,,,,,,,,NeverTriggered,Buy,Sell,,2026-03-06 17:00:00,2026-03-06 18:00:00
2026-03-09,0900-1000,5115.60,5061.44,54.16,None,,,2026-03-09 20:40,,,0.00,,,,,,,,NeverTriggered,Sell,Sell,,2026-03-09 16:00:00,2026-03-09 17:00:00
2026-03-10,0900-1000,5215.68,5185.55,30.13,Buy,2026-03-10 17:10,7.52,,0,,0.76,1.82,-0.75,,-1.000,1,-1.10,-1.000,Stop,Buy,Buy,,2026-03-10 16:00:00,2026-03-10 17:00:00
2026-03-11,0900-1000,5196.08,5174.32,21.76,Sell,2026-03-11 17:10,3.25,,1,2026-03-11 17:15,0.88,0.42,-0.08,-0.107,-0.107,0,,,NeverTriggered,Sell,Sell,,2026-03-11 16:00:00,2026-03-11 17:00:00
2026-03-12,0900-1000,5163.13,5131.07,32.06,Sell,2026-03-12 17:30,5.76,,1,2026-03-12 17:35,2.37,0.21,1.62,2.667,2.667,0,,,Cancelled,Sell,Sell,,2026-03-12 16:00:00,2026-03-12 17:00:00
2026-03-13,0900-1000,5107.88,5036.23,71.65,Sell,2026-03-13 18:00,8.13,,1,2026-03-13 18:05,0.37,0.38,0.23,0.305,0.305,0,,,NeverTriggered,Sell,Buy,,2026-03-13 16:00:00,2026-03-13 17:00:00
2026-03-16,0900-1000,5037.91,4988.57,49.34,None,,,2026-03-16 18:20,,,0.00,,,,,,,,NeverTriggered,Buy,Sell,,2026-03-16 16:00:00,2026-03-16 17:00:00
2026-03-17,0900-1000,5020.31,5002.97,17.34,Sell,2026-03-17 17:25,8.02,,0,,1.69,0.39,-0.15,,-0.201,0,,,Cancelled,Buy,Sell,,2026-03-17 16:00:00,2026-03-17 17:00:00
2026-03-18,0900-1000,4894.52,4856.78,37.74,None,,,2026-03-18 19:20,,,0.00,,,,,,,,NeverTriggered,Sell,Sell,,2026-03-18 16:00:00,2026-03-18 17:00:00
2026-03-19,0900-1000,4648.95,4581.28,67.67,Sell,2026-03-19 17:30,1.55,,1,2026-03-19 17:35,0.22,0.99,-1.03,-1.000,-1.000,1,0.21,0.041,EOD,Sell,Sell,,2026-03-19 16:00:00,2026-03-19 17:00:00
2026-03-20,0900-1000,4622.62,4547.90,74.72,None,,,2026-03-20 20:20,,,0.00,,,,,,,,NeverTriggered,Sell,Sell,,2026-03-20 16:00:00,2026-03-20 17:00:00
2026-03-23,0900-1000,4512.92,4453.45,59.47,Sell,2026-03-23 17:15,12.27,,1,2026-03-23 17:20,1.72,0.25,0.79,1.050,1.050,0,,,Cancelled,Buy,Buy,,2026-03-23 16:00:00,2026-03-23 17:00:00
2026-03-24,0900-1000,4434.05,4381.15,52.90,None,,,2026-03-24 22:20,,,0.00,,,,,,,,NeverTriggered,Sell,Sell,,2026-03-24 16:00:00,2026-03-24 17:00:00
2026-03-25,0900-1000,4579.48,4533.18,46.30,None,,,2026-03-25 21:05,,,0.00,,,,,,,,NeverTriggered,Buy,Buy,,2026-03-25 16:00:00,2026-03-25 17:00:00
2026-03-26,0900-1000,4479.17,4437.52,41.65,None,,,2026-03-26 18:15,,,0.00,,,,,,,,NeverTriggered,Sell,Sell,,2026-03-26 16:00:00,2026-03-26 17:00:00
2026-03-27,0900-1000,4516.47,4430.82,85.65,Buy,2026-03-27 17:20,28.48,,0,,0.45,0.35,-0.28,,-0.369,0,,,NeverTriggered,Buy,Sell,,2026-03-27 16:00:00,2026-03-27 17:00:00
2026-03-30,0900-1000,4579.01,4516.66,62.35,None,,,2026-03-30 21:20,,,0.00,,,,,,,,NeverTriggered,Buy,Buy,,2026-03-30 16:00:00,2026-03-30 17:00:00
2026-03-31,0900-1000,4624.95,4567.86,57.09,None,,,2026-03-31 19:35,,,0.00,,,,,,,,NeverTriggered,Buy,Buy,,2026-03-31 16:00:00,2026-03-31 17:00:00
2026-04-01,0900-1000,4749.68,4716.36,33.32,Buy,2026-04-01 17:35,0.18,,1,2026-04-01 17:40,1.30,0.38,0.39,0.513,0.513,0,,,Cancelled,Buy,Buy,,2026-04-01 16:00:00,2026-04-01 17:00:00
2026-04-02,0900-1000,4651.26,4580.72,70.54,Buy,2026-04-02 17:15,9.29,,0,,0.68,0.12,0.28,,0.370,0,,,NeverTriggered,Sell,Sell,,2026-04-02 16:00:00,2026-04-02 17:00:00
2026-04-06,0900-1000,4690.45,4660.44,30.01,Buy,2026-04-06 17:30,1.11,,1,2026-04-06 17:35,0.25,0.87,-1.33,-1.000,-1.000,1,0.50,0.444,EOD,Buy,Buy,,2026-04-06 16:00:00,2026-04-06 17:00:00
2026-04-07,0900-1000,4663.11,4623.27,39.84,Sell,2026-04-07 17:05,11.22,,1,2026-04-07 17:10,0.39,0.80,-2.23,-1.000,-1.000,1,1.39,1.640,EOD,Sell,Sell,,2026-04-07 16:00:00,2026-04-07 17:00:00
2026-04-08,0900-1000,4806.39,4768.45,37.94,Sell,2026-04-08 17:25,0.74,,1,2026-04-08 17:40,1.82,0.16,1.27,1.698,1.698,0,,,Cancelled,Buy,Buy,,2026-04-08 16:00:00,2026-04-08 17:00:00
2026-04-09,0900-1000,4777.09,4738.94,38.15,None,,,2026-04-09 18:15,,,0.00,,,,,,,,NeverTriggered,Buy,Buy,,2026-04-09 16:00:00,2026-04-09 17:00:00
2026-04-10,0900-1000,4780.20,4765.41,14.79,Buy,2026-04-10 17:15,7.41,,1,2026-04-10 17:40,1.00,1.68,-1.99,-1.000,-1.000,1,1.65,1.319,EOD,Buy,Buy,,2026-04-10 16:00:00,2026-04-10 17:00:00
2026-04-13,0900-1000,4744.28,4720.72,23.56,Sell,2026-04-13 17:15,1.97,,1,2026-04-13 17:20,0.87,0.82,-0.78,-1.000,-1.000,1,-0.80,-1.000,Stop,Sell,Sell,,2026-04-13 16:00:00,2026-04-13 17:00:00
2026-04-14,0900-1000,4803.50,4771.10,32.40,Buy,2026-04-14 17:15,0.66,,1,2026-04-14 17:20,1.32,0.38,1.17,1.565,1.565,0,,,Cancelled,Buy,Buy,,2026-04-14 16:00:00,2026-04-14 17:00:00
2026-04-15,0900-1000,4830.16,4808.69,21.47,None,,,2026-04-15 18:20,,,0.00,,,,,,,,NeverTriggered,Sell,Sell,,2026-04-15 16:00:00,2026-04-15 17:00:00
2026-04-16,0900-1000,4824.04,4785.18,38.86,None,,,2026-04-16 20:25,,,0.00,,,,,,,,NeverTriggered,Sell,Buy,,2026-04-16 16:00:00,2026-04-16 17:00:00
2026-04-17,0900-1000,4889.29,4835.05,54.24,None,,,,,,0.00,,,,,,,,NeverTriggered,Buy,Buy,,2026-04-17 16:00:00,2026-04-17 17:00:00
2026-04-20,0900-1000,4826.31,4799.72,26.59,Sell,2026-04-20 18:00,1.84,,1,2026-04-20 18:05,0.26,0.77,-0.66,-1.000,-1.000,0,,,NeverTriggered,Buy,Buy,,2026-04-20 16:00:00,2026-04-20 17:00:00
2026-04-21,0900-1000,4794.31,4761.86,32.45,Sell,2026-04-21 17:35,0.42,,1,2026-04-21 17:40,2.00,0.24,1.50,2.667,2.667,0,,,Cancelled,Sell,Sell,,2026-04-21 16:00:00,2026-04-21 17:00:00
2026-04-22,0900-1000,4760.59,4736.32,24.27,Sell,2026-04-22 17:30,0.01,,1,2026-04-22 17:35,0.51,0.53,-0.10,-0.131,-0.131,0,,,NeverTriggered,Sell,Sell,,2026-04-22 16:00:00,2026-04-22 17:00:00
2026-04-23,0900-1000,4741.19,4717.23,23.96,None,,,2026-04-23 20:05,,,0.00,,,,,,,,NeverTriggered,Buy,Sell,,2026-04-23 16:00:00,2026-04-23 17:00:00
2026-04-24,0900-1000,4717.10,4689.56,27.54,Buy,2026-04-24 17:05,10.53,,0,,0.83,0.43,-0.35,,-0.473,0,,,NeverTriggered,Buy,Buy,,2026-04-24 16:00:00,2026-04-24 17:00:00
2026-04-27,0900-1000,4703.24,4689.52,13.72,Sell,2026-04-27 17:05,0.56,,1,2026-04-27 17:10,1.62,0.51,0.71,0.948,0.948,0,,,Cancelled,Sell,Sell,,2026-04-27 16:00:00,2026-04-27 17:00:00
2026-04-28,0900-1000,4594.63,4565.50,29.13,Sell,2026-04-28 17:35,5.40,,1,2026-04-28 17:40,0.28,0.79,-0.95,-1.000,-1.000,1,0.24,-0.066,EOD,Sell,Sell,,2026-04-28 16:00:00,2026-04-28 17:00:00
2026-04-29,0900-1000,4553.31,4510.17,43.14,None,,,2026-04-29 19:00,,,0.00,,,,,,,,NeverTriggered,Sell,Sell,,2026-04-29 16:00:00,2026-04-29 17:00:00
2026-04-30,0900-1000,4645.97,4609.52,36.45,None,,,2026-04-30 19:15,,,0.00,,,,,,,,NeverTriggered,Buy,Buy,,2026-04-30 16:00:00,2026-04-30 17:00:00
2026-05-01,0900-1000,4641.81,4586.77,55.04,Buy,2026-05-01 17:10,14.08,,1,2026-05-01 17:30,0.33,0.63,-0.52,-0.688,-0.688,0,,,NeverTriggered,Sell,Sell,,2026-05-01 16:00:00,2026-05-01 17:00:00
2026-05-04,0900-1000,4575.50,4555.76,19.74,Sell,2026-05-04 17:05,0.66,,1,2026-05-04 17:10,0.11,0.92,1.74,-1.000,-1.000,1,-0.79,-1.000,Stop,Sell,Sell,,2026-05-04 16:00:00,2026-05-04 17:00:00
2026-05-05,0900-1000,4584.97,4564.30,20.67,None,,,2026-05-05 19:20,,,0.00,,,,,,,,NeverTriggered,Buy,Buy,,2026-05-05 16:00:00,2026-05-05 17:00:00
2026-05-06,0900-1000,4710.02,4668.79,41.23,Buy,2026-05-06 17:40,3.33,,1,2026-05-06 17:45,0.11,0.76,-0.50,-1.000,-1.000,0,,,NeverTriggered,Buy,Buy,,2026-05-06 16:00:00,2026-05-06 17:00:00
2026-05-07,0900-1000,4758.15,4731.21,26.94,Buy,2026-05-07 17:45,0.10,,1,2026-05-07 17:50,0.24,0.81,-2.07,-1.000,-1.000,1,1.61,1.427,EOD,Buy,Buy,,2026-05-07 16:00:00,2026-05-07 17:00:00
2026-05-08,0900-1000,4749.55,4716.46,33.09,Sell,2026-05-08 17:55,0.61,,1,2026-05-08 18:00,0.44,0.37,0.04,0.052,0.052,0,,,NeverTriggered,Buy,Buy,,2026-05-08 16:00:00,2026-05-08 17:00:00
2026-05-11,0900-1000,4748.52,4698.68,49.84,None,,,,,,0.00,,,,,,,,NeverTriggered,Buy,Sell,,2026-05-11 16:00:00,2026-05-11 17:00:00
2026-05-12,0900-1000,4708.92,4676.03,32.89,None,,,2026-05-12 18:10,,,0.00,,,,,,,,NeverTriggered,Sell,Sell,,2026-05-12 16:00:00,2026-05-12 17:00:00
2026-05-13,0900-1000,4694.51,4669.51,25.00,None,,,2026-05-13 18:35,,,0.00,,,,,,,,NeverTriggered,Sell,Sell,,2026-05-13 16:00:00,2026-05-13 17:00:00
2026-05-14,0900-1000,4707.22,4666.79,40.43,None,,,2026-05-14 22:25,,,0.00,,,,,,,,NeverTriggered,Buy,Buy,,2026-05-14 16:00:00,2026-05-14 17:00:00
2026-05-15,0900-1000,4557.57,4511.80,45.77,Buy,2026-05-15 17:15,0.94,,1,2026-05-15 17:20,0.20,0.62,-0.43,-0.570,-0.570,0,,,NeverTriggered,Sell,Sell,,2026-05-15 16:00:00,2026-05-15 17:00:00
2026-05-18,0900-1000,4584.24,4561.82,22.42,Sell,2026-05-18 17:20,2.63,,1,2026-05-18 17:25,1.35,0.24,-0.09,-0.118,-0.118,0,,,Cancelled,Buy,Buy,,2026-05-18 16:00:00,2026-05-18 17:00:00
2026-05-19,0900-1000,4537.41,4464.67,72.74,None,,,,,,0.00,,,,,,,,NeverTriggered,Sell,Sell,,2026-05-19 16:00:00,2026-05-19 17:00:00
2026-05-20,0900-1000,4506.16,4480.86,25.30,Sell,2026-05-20 17:05,4.74,,1,2026-05-20 17:15,0.55,0.90,-2.45,-1.000,-1.000,1,1.86,1.936,EOD,Buy,Buy,,2026-05-20 16:00:00,2026-05-20 17:00:00
2026-05-21,0900-1000,4521.05,4488.61,32.44,None,,,2026-05-21 20:10,,,0.00,,,,,,,,NeverTriggered,Sell,Sell,,2026-05-21 16:00:00,2026-05-21 17:00:00
2026-05-22,0900-1000,4534.28,4503.08,31.20,Sell,2026-05-22 17:10,5.25,,1,2026-05-22 17:35,0.36,0.76,-0.12,-1.000,-1.000,0,,,NeverTriggered,Buy,Sell,,2026-05-22 16:00:00,2026-05-22 17:00:00
2026-05-25,0900-1000,4571.34,4559.99,11.35,None,,,2026-05-25 18:20,,,0.00,,,,,,,,NeverTriggered,Buy,Buy,,2026-05-25 16:00:00,2026-05-25 17:00:00
2026-05-26,0900-1000,4531.34,4511.25,20.09,Sell,2026-05-26 17:10,0.15,,1,2026-05-26 17:15,1.43,0.68,0.23,0.308,0.308,0,,,Cancelled,Sell,Sell,,2026-05-26 16:00:00,2026-05-26 17:00:00
2026-05-27,0900-1000,4439.15,4401.50,37.65,Buy,2026-05-27 17:05,5.16,,1,2026-05-27 17:30,0.52,0.29,0.40,0.536,0.536,0,,,NeverTriggered,Sell,Sell,,2026-05-27 16:00:00,2026-05-27 17:00:00
2026-05-28,0900-1000,4439.34,4418.15,21.19,Buy,2026-05-28 17:10,24.94,,0,,2.02,0.33,2.67,,2.667,0,,,Cancelled,Buy,Sell,,2026-05-28 16:00:00,2026-05-28 17:00:00
2026-05-29,0900-1000,4549.35,4516.93,32.42,Buy,2026-05-29 17:50,7.43,,0,,1.41,0.30,-0.23,,-0.308,0,,,Cancelled,Buy,Buy,,2026-05-29 16:00:00,2026-05-29 17:00:00
2026-06-01,0900-1000,4503.86,4447.68,56.18,None,,,,,,0.00,,,,,,,,NeverTriggered,Sell,Sell,,2026-06-01 16:00:00,2026-06-01 17:00:00
2026-06-02,0900-1000,4524.77,4498.46,26.31,Sell,2026-06-02 17:15,2.55,,1,2026-06-02 17:30,0.75,0.38,0.37,0.493,0.493,0,,,NeverTriggered,Buy,Buy,,2026-06-02 16:00:00,2026-06-02 17:00:00
2026-06-03,0900-1000,4465.94,4426.24,39.70,None,,,,,,0.00,,,,,,,,NeverTriggered,Sell,Sell,,2026-06-03 16:00:00,2026-06-03 17:00:00
2026-06-04,0900-1000,4515.35,4494.55,20.80,Sell,2026-06-04 17:20,9.33,,0,,1.79,0.00,0.95,,1.270,0,,,Cancelled,Buy,Buy,,2026-06-04 16:00:00,2026-06-04 17:00:00
2026-06-05,0900-1000,4421.21,4363.74,57.47,Sell,2026-06-05 17:20,5.85,,1,2026-06-05 17:30,0.90,0.14,0.63,0.837,0.837,0,,,NeverTriggered,Sell,Sell,,2026-06-05 16:00:00,2026-06-05 17:00:00
2026-06-08,0900-1000,4346.67,4321.55,25.12,None,,,,,,0.00,,,,,,,,NeverTriggered,Buy,Sell,,2026-06-08 16:00:00,2026-06-08 17:00:00
2026-06-09,0900-1000,4363.41,4325.15,38.26,Sell,2026-06-09 17:10,3.75,,0,,2.30,0.10,1.66,,2.667,0,,,Cancelled,Buy,Buy,,2026-06-09 16:00:00,2026-06-09 17:00:00
2026-06-10,0900-1000,4186.01,4132.89,53.12,Sell,2026-06-10 17:55,7.74,,1,2026-06-10 18:00,1.23,0.11,1.22,1.629,1.629,0,,,Cancelled,Sell,Sell,,2026-06-10 16:00:00,2026-06-10 17:00:00
2026-06-11,0900-1000,4092.61,4066.73,25.88,Sell,2026-06-11 17:05,4.13,,1,2026-06-11 17:20,0.54,0.77,-5.58,-1.000,-1.000,1,-0.79,-1.000,Stop,Sell,Sell,,2026-06-11 16:00:00,2026-06-11 17:00:00
2026-06-12,0900-1000,4210.33,4182.58,27.75,None,,,2026-06-12 18:10,,,0.00,,,,,,,,NeverTriggered,Buy,Buy,,2026-06-12 16:00:00,2026-06-12 17:00:00
2026-06-15,0900-1000,4368.84,4341.05,27.79,None,,,2026-06-15 19:20,,,0.00,,,,,,,,NeverTriggered,Buy,Buy,,2026-06-15 16:00:00,2026-06-15 17:00:00
2026-06-16,0900-1000,4355.04,4331.87,23.17,Sell,2026-06-16 17:15,8.29,,0,,0.78,0.66,0.00,,0.002,0,,,NeverTriggered,Buy,Buy,,2026-06-16 16:00:00,2026-06-16 17:00:00
2026-06-17,0900-1000,4345.09,4324.07,21.02,Buy,2026-06-17 17:20,13.11,,1,2026-06-17 17:45,1.77,1.37,-4.12,-1.000,-1.000,0,,,Cancelled,Buy,Sell,,2026-06-17 16:00:00,2026-06-17 17:00:00
2026-06-18,0900-1000,4276.45,4239.04,37.41,None,,,2026-06-18 18:25,,,0.00,,,,,,,,NeverTriggered,Sell,Sell,,2026-06-18 16:00:00,2026-06-18 17:00:00
2026-06-19,0900-1000,4183.01,4148.03,34.98,Sell,2026-06-19 17:30,1.78,,1,2026-06-19 17:35,0.15,0.28,-0.21,-0.285,-0.285,0,,,NeverTriggered,Sell,Sell,,2026-06-19 16:00:00,2026-06-19 17:00:00
2026-06-22,0900-1000,4205.68,4182.97,22.71,Buy,2026-06-22 17:05,0.55,,1,2026-06-22 17:10,0.22,0.79,-0.64,-1.000,-1.000,1,0.58,-0.483,EOD,Buy,Buy,,2026-06-22 16:00:00,2026-06-22 17:00:00
2026-06-23,0900-1000,4140.64,4105.42,35.22,None,,,,,,0.00,,,,,,,,NeverTriggered,Sell,Sell,,2026-06-23 16:00:00,2026-06-23 17:00:00
2026-06-24,0900-1000,4042.00,3964.54,77.46,None,,,,,,0.00,,,,,,,,NeverTriggered,Sell,Sell,,2026-06-24 16:00:00,2026-06-24 17:00:00
2026-06-25,0900-1000,4034.01,3999.16,34.85,None,,,2026-06-25 18:20,,,0.00,,,,,,,,NeverTriggered,Buy,Sell,,2026-06-25 16:00:00,2026-06-25 17:00:00
2026-06-26,0900-1000,4079.38,4043.23,36.15,Buy,2026-06-26 17:15,9.33,,1,2026-06-26 17:35,0.46,0.41,-0.10,-0.127,-0.127,0,,,NeverTriggered,Buy,Buy,,2026-06-26 16:00:00,2026-06-26 17:00:00
2026-06-29,0900-1000,4051.75,4022.82,28.93,Sell,2026-06-29 17:05,7.47,,1,2026-06-29 17:25,0.77,0.32,0.28,0.377,0.377,0,,,NeverTriggered,Sell,Sell,,2026-06-29 16:00:00,2026-06-29 17:00:00
2026-06-30,0900-1000,4033.35,4009.42,23.93,Buy,2026-06-30 17:05,9.76,,0,,1.25,0.78,-0.94,,-1.000,0,,,Cancelled,Sell,Buy,,2026-06-30 16:00:00,2026-06-30 17:00:00
2026-07-01,0900-1000,4107.99,4012.66,95.33,Buy,2026-07-01 17:30,3.13,,1,2026-07-01 17:35,0.08,0.77,-0.79,-1.000,-1.000,0,,,NeverTriggered,Buy,Buy,,2026-07-01 16:00:00,2026-07-01 17:00:00
2026-07-02,0900-1000,4143.98,4109.27,34.71,None,,,2026-07-02 19:30,,,0.00,,,,,,,,NeverTriggered,Buy,Buy,,2026-07-02 16:00:00,2026-07-02 17:00:00
2026-07-03,0900-1000,4179.28,4163.00,16.28,Sell,2026-07-03 17:05,4.13,,1,2026-07-03 17:10,0.47,0.79,-0.72,-1.000,-1.000,0,,,NeverTriggered,Buy,Buy,,2026-07-03 16:00:00,2026-07-03 17:00:00
2026-07-06,0900-1000,4150.43,4136.22,14.21,Sell,2026-07-06 17:20,3.71,,1,2026-07-06 17:25,0.55,1.04,-1.91,-1.000,-1.000,1,1.20,1.212,EOD,Sell,Sell,,2026-07-06 16:00:00,2026-07-06 17:00:00
2026-07-07,0900-1000,4180.43,4153.07,27.36,Sell,2026-07-07 17:10,1.15,,1,2026-07-07 17:15,2.23,0.23,1.75,2.667,2.667,0,,,Cancelled,Buy,Buy,,2026-07-07 16:00:00,2026-07-07 17:00:00
2026-07-08,0900-1000,4083.00,4063.72,19.28,Sell,2026-07-08 17:10,6.33,,1,2026-07-08 17:25,2.17,0.08,-0.60,2.667,2.667,0,,,Cancelled,Sell,Sell,,2026-07-08 16:00:00,2026-07-08 17:00:00
2026-07-09,0900-1000,4134.82,4106.81,28.01,None,,,2026-07-09 20:45,,,0.00,,,,,,,,NeverTriggered,Buy,Buy,,2026-07-09 16:00:00,2026-07-09 17:00:00
2026-07-10,0900-1000,4106.74,4085.59,21.15,Buy,2026-07-10 17:45,0.67,,1,2026-07-10 17:50,0.41,0.73,0.33,0.439,0.439,0,,,NeverTriggered,Sell,Sell,,2026-07-10 16:00:00,2026-07-10 17:00:00
2026-07-13,0900-1000,4067.66,4037.70,29.96,Sell,2026-07-13 17:30,27.23,,0,,1.71,0.00,1.29,,1.718,0,,,Cancelled,Sell,Sell,,2026-07-13 16:00:00,2026-07-13 17:00:00
2026-07-14,0900-1000,4088.59,4070.89,17.70,Buy,2026-07-14 18:05,7.09,,1,2026-07-14 18:15,0.68,1.23,-2.18,-1.000,-1.000,1,1.58,1.570,EOD,Buy,Buy,,2026-07-14 16:00:00,2026-07-14 17:00:00
2026-07-15,0900-1000,4074.12,4054.22,19.90,None,,,2026-07-15 18:10,,,0.00,,,,,,,,NeverTriggered,Buy,Buy,,2026-07-15 16:00:00,2026-07-15 17:00:00
2026-07-16,0900-1000,4008.44,3973.58,34.86,None,,,2026-07-16 23:15,,,0.00,,,,,,,,NeverTriggered,Sell,Sell,,2026-07-16 16:00:00,2026-07-16 17:00:00
2026-07-17,0900-1000,4003.65,3959.59,44.06,Buy,2026-07-17 18:00,8.75,,1,2026-07-17 18:05,0.46,0.13,0.28,0.367,0.367,0,,,NeverTriggered,Sell,Sell,,2026-07-17 16:00:00,2026-07-17 17:00:00
2026-07-20,0900-1000,4017.35,4001.26,16.09,Sell,2026-07-20 17:05,0.34,,1,2026-07-20 17:10,0.19,0.77,-0.42,-1.000,-1.000,1,-1.00,-1.000,Stop,Sell,Buy,,2026-07-20 16:00:00,2026-07-20 17:00:00
2026-07-21,0900-1000,4061.66,4044.43,17.23,Buy,2026-07-21 17:10,4.25,,1,2026-07-21 17:15,1.50,0.39,0.98,1.302,1.302,0,,,Cancelled,Buy,Buy,,2026-07-21 16:00:00,2026-07-21 17:00:00
2026-07-22,0900-1000,4163.39,4112.69,50.70,None,,,2026-07-22 18:45,,,0.00,,,,,,,,NeverTriggered,Buy,Buy,,2026-07-22 16:00:00,2026-07-22 17:00:00
2026-07-23,0900-1000,4067.43,4040.40,27.03,None,,,,,,0.00,,,,,,,,NeverTriggered,Sell,Sell,,2026-07-23 16:00:00,2026-07-23 17:00:00
2026-07-24,0900-1000,4070.02,4044.66,25.36,None,,,2026-07-24 18:10,,,0.00,,,,,,,,NeverTriggered,Buy,Buy,,2026-07-24 16:00:00,2026-07-24 17:00:00
2026-07-27,0900-1000,4089.32,4070.32,19.00,Sell,2026-07-27 17:25,2.20,,1,2026-07-27 17:35,0.27,0.75,-0.33,-1.000,-1.000,1,-0.84,-1.000,Stop,Sell,Buy,,2026-07-27 16:00:00,2026-07-27 17:00:00
2026-07-28,0900-1000,4035.89,4020.12,15.77,Sell,2026-07-28 17:15,0.15,,1,2026-07-28 17:20,0.56,1.02,-0.47,-1.000,-1.000,1,-0.76,-1.000,Stop,Sell,Sell,,2026-07-28 16:00:00,2026-07-28 17:00:00
2026-07-29,0900-1000,4026.21,4001.04,25.17,Sell,2026-07-29 17:05,1.63,,1,2026-07-29 17:10,0.21,0.97,-2.59,-1.000,-1.000,1,2.34,2.667,TP,Sell,Sell,,2026-07-29 16:00:00,2026-07-29 17:00:00
2026-07-30,0900-1000,4120.16,4065.06,55.10,None,,,,,,0.00,,,,,,,,NeverTriggered,Buy,Buy,,2026-07-30 16:00:00,2026-07-30 17:00:00
2026-07-31,0900-1000,4046.87,4022.01,24.86,Buy,2026-07-31 17:55,2.31,,1,2026-07-31 18:00,0.35,0.41,0.18,0.237,0.237,0,,,NeverTriggered,Sell,Sell,,2026-07-31 16:00:00,2026-07-31 17:00:00
2026-08-03,0900-1000,4053.53,4019.04,34.49,None,,,2026-08-03 22:35,,,0.00,,,,,,,,NeverTriggered,Sell,Sell,,2026-08-03 16:00:00,2026-08-03 17:00:00
2026-08-04,0900-1000,4093.82,4061.01,32.81,None,,,2026-08-04 20:00,,,0.00,,,,,,,,NeverTriggered,Buy,Buy,,2026-08-04 16:00:00,2026-08-04 17:00:00
2026-08-05,0900-1000,4210.78,4183.70,27.08,Buy,2026-08-05 17:05,16.83,,0,,2.01,0.01,1.23,,2.667,0,,,Cancelled,Buy,Buy,,2026-08-05 16:00:00,2026-08-05 17:00:00
2026-08-06,0900-1000,4274.27,4230.55,43.72,None,,,2026-08-06 19:15,,,0.00,,,,,,,,NeverTriggered,Sell,Buy,,2026-08-06 16:00:00,2026-08-06 17:00:00
2026-08-07,0900-1000,4367.90,4333.58,34.32,None,,,2026-08-07 19:55,,,0.00,,,,,,,,NeverTriggered,Buy,Buy,,2026-08-07 16:00:00,2026-08-07 17:00:00
2026-08-10,0900-1000,4339.91,4316.65,23.26,Buy,2026-08-10 17:25,5.51,,0,,2.07,0.07,2.11,,2.667,0,,,Cancelled,Sell,Buy,,2026-08-10 16:00:00,2026-08-10 17:00:00
2026-08-11,0900-1000,4404.15,4381.12,23.03,None,,,2026-08-11 18:30,,,0.00,,,,,,,,NeverTriggered,Buy,Buy,,2026-08-11 16:00:00,2026-08-11 17:00:00
2026-08-12,0900-1000,4441.19,4408.47,32.72,None,,,2026-08-12 19:45,,,0.00,,,,,,,,NeverTriggered,Buy,Buy,,2026-08-12 16:00:00,2026-08-12 17:00:00
2026-08-13,0900-1000,4402.20,4369.89,32.31,Sell,2026-08-13 17:25,2.29,,1,2026-08-13 17:30,0.81,0.53,0.62,0.826,0.826,0,,,NeverTriggered,Buy,Sell,,2026-08-13 16:00:00,2026-08-13 17:00:00
2026-08-14,0900-1000,4397.01,4370.17,26.84,None,,,,,,0.00,,,,,,,,NeverTriggered,Buy,Buy,,2026-08-14 16:00:00,2026-08-14 17:00:00
2026-08-17,0900-1000,4416.09,4381.77,34.32,Buy,2026-08-17 17:15,2.33,,1,2026-08-17 17:25,0.37,0.53,-0.01,-0.017,-0.017,0,,,NeverTriggered,Sell,Buy,,2026-08-17 16:00:00,2026-08-17 17:00:00
2026-08-18,0900-1000,4406.80,4376.35,30.45,Sell,2026-08-18 17:55,9.90,,1,2026-08-18 18:00,1.55,0.22,1.42,1.898,1.898,0,,,Cancelled,Sell,Sell,,2026-08-18 16:00:00,2026-08-18 17:00:00
2026-08-19,0900-1000,4466.19,4424.16,42.03,Buy,2026-08-19 17:05,5.67,,0,,1.36,0.14,1.30,,1.736,0,,,Cancelled,Buy,Buy,,2026-08-19 16:00:00,2026-08-19 17:00:00
2026-08-20,0900-1000,4490.70,4469.33,21.37,Buy,2026-08-20 17:20,0.15,,1,2026-08-20 17:25,2.15,0.42,1.30,2.667,2.667,0,,,Cancelled,Sell,Buy,,2026-08-20 16:00:00,2026-08-20 17:00:00
2026-08-21,0900-1000,4593.19,4573.31,19.88,Buy,2026-08-21 17:20,4.37,,1,2026-08-21 17:30,1.96,0.64,0.65,0.865,0.865,0,,,Cancelled,Buy,Buy,,2026-08-21 16:00:00,2026-08-21 17:00:00
